"V1","V2","V3","V4","V5","V6","V7","V8","V9","V10","V11","V12","V13","V14","V15","V16","V17","V18","V19","V20","V21","V22","V23","V24","V25","V26","V27","V28","V29","V30","V31","V32","V33","V34","V35","V36","V37","V38","V39","V40","V41","V42","V43","V44","V45","V46","V47","V48","V49","V50","V51","V52","V53","V54","V55","V56","V57","V58","V59","V60","V61","V62","V63","V64","V65","V66","V67","V68","V69","V70","V71","V72","V73","V74","V75","V76","V77","V78","V79","V80","V81","V82","V83","V84","V85","V86","V87","V88","V89","V90","V91","V92","V93","V94","V95","V96","V97","V98","V99","V100","V101","V102","V103","V104","V105","V106","V107","V108","V109","V110","V111","V112","V113","V114","V115","V116","V117","V118","V119","V120","V121","V122","V123","V124","V125","V126","V127","V128","V129","V130","V131","V132","V133","V134","V135","V136","V137","V138","V139","V140","V141","V142","V143","V144","V145","V146","V147","V148","V149","V150","V151","V152","V153","V154","V155","V156","V157","V158"
NA,7.0975489616394,0,6.25575017929077,0,0,2.7725887298584,8.34355354309082,0,6.63463354110718,0,0,0,0,0,0,0,0,0,0,0,0,0,0,0,0,0,0,0,0,0,0,0,0,0,0,10.7982273101807,0,2.4849066734314,9.96740055084229,0,0,0,5.14749431610107,0,0,0,0,12.2940654754639,14.3281269073486,0,4.68213129043579,9.84834480285645,6.45362520217896,11.2298860549927,11.0344381332397,9.24821376800537,9.85781002044678,7.34987354278564,7.56837940216064,9.75550937652588,8.00536727905273,9.94044589996338,2.94443893432617,5.96357917785645,8.75542259216309,5.24702405929565,0,0,0,0,0,0,6.98749017715454,0,0,3.93182563781738,0,0,0,0,3.43398714065552,0,7.62657022476196,0,12.0983200073242,14.5392866134644,0,4.83628177642822,0,0,0,8.76389694213867,0,0,0,10.5010042190552,0,0,13.0494136810303,0,0,0,0,0,0,0,11.2863006591797,12.9917879104614,0,8.60263633728027,9.66535758972168,0,8.51819229125977,0,0,6.32793664932251,0,8.97903823852539,10.2392454147339,0,8.3886775970459,0,0,0,13.533989906311,7.36454725265503,13.5839166641235,14.3556175231934,11.0613269805908,9.96166229248047,14.7820558547974,12.2343444824219,12.0675172805786,13.0811996459961,14.2397336959839,12.0953035354614,8.92092323303223,6.10255861282349,12.1138200759888,8.45892810821533,13.4895448684692,7.48717355728149,0,0,7.83991956710815,7.29505634307861,8.28903675079346,8.00235939025879,8.61468315124512,0,11.3976716995239,8.72078704833984,0,5.71042680740356,0,0,0
0,NA,8.67436790466309,10.255763053894,0,0,11.3858079910278,8.11611843109131,0,0,5.61677122116089,3.29583692550659,0,0,0,0,0,2.39789533615112,0,0,0,0,0,0,0,0,0,0,0,7.21524000167847,10.5697002410889,0,0,5.82600021362305,6.06145715713501,0,0,0,6.5294189453125,0,0,0,5.97126197814941,0,7.03174114227295,2.39789533615112,0,0,8.58335494995117,14.3596515655518,0,0,0,0,12.0224018096924,5.26269006729126,3.78418970108032,7.62657022476196,0,11.116231918335,6.9373140335083,0,0,0,0,0,0,0,0,0,0,0,0,0,0,0,0,0,0,0,0,0,0,0,0,0,11.7765350341797,2.19722461700439,9.64062786102295,0,8.14293575286865,2.94443893432617,2.39789533615112,5.59842205047607,0,0,5.65248918533325,0,6.9555926322937,11.9412469863892,0,0,0,0,0,0,0,0,0,8.96495151519775,3.52636051177979,11.655101776123,0,0,0,0,0,0,8.65695476531982,6.7696418762207,0,8.49923324584961,0,0,0,12.9693260192871,3.76120018959045,14.187198638916,13.5454769134521,8.13476085662842,0,14.4253225326538,13.4716997146606,11.8181352615356,13.2440605163574,12.522177696228,12.463436126709,8.28121757507324,0,10.1645431518555,8.88875675201416,8.07277965545654,0,6.06610822677612,9.95579528808594,7.08422660827637,8.3172779083252,7.23128700256348,7.01481437683105,8.87738227844238,11.7634191513062,8.41891860961914,0,0,0,0,0,0
0,9.39191150665283,NA,9.0069990158081,0,11.1707448959351,9.49807262420654,8.45744323730469,9.22660732269287,0,0,0,0,0,0,0,0,0,0,0,0,0,0,0,0,0,0,0,0,0,0,0,0,0,9.20492553710938,0,0,0,0,0,0,0,0,0,0,0,0,0,8.44009590148926,0,0,0,7.4866132736206,0,0,0,0,0,0,0,0,0,0,0,0,0,0,0,0,0,0,0,0,0,0,0,0,0,0,0,0,0,0,0,0,0,0,0,0,9.72106552124023,0,0,0,0,0,0,0,0,0,12.5596370697021,0,0,8.5714921951294,0,0,0,0,0,0,0,0,9.83654594421387,0,0,0,0,0,0,0,0,0,9.8997802734375,0,0,0,12.186089515686,0,13.136721611023,14.326021194458,12.3889770507812,0,14.9664220809937,12.2706756591797,10.5087594985962,13.534797668457,11.9968385696411,0,7.38398933410645,0,0,9.440260887146,0,8.5446138381958,0,12.1128168106079,0,0,0,9.43596076965332,12.33971118927,11.806960105896,0,0,0,0,0,0,0
0,10.2446985244751,11.365608215332,NA,0,5.87773561477661,10.7984523773193,6.02827835083008,9.02929782867432,6.41345882415771,5.01727962493896,8.12888050079346,8.85836887359619,8.74592113494873,0,6.13988447189331,10.4358491897583,6.94889736175537,5.63478946685791,0,3.13549423217773,4.02535152435303,7.04403305053711,8.42573547363281,9.106201171875,4.54329490661621,6.1717004776001,5.28826713562012,0,8.23084354400635,8.0228967666626,6.97354316711426,4.95582723617554,6.3543701171875,9.41906070709229,0,7.57507181167603,0,8.73921585083008,0,5.59842205047607,0,0,7.55590486526489,0,6.80350542068481,6.17378616333008,0,9.51892757415771,11.2931385040283,0,0,7.08254861831665,4.40671920776367,9.63580417633057,0,0,0,10.3783540725708,1.60943794250488,0,0,7.96241569519043,3.93182563781738,4.53259944915771,0,2.39789533615112,0,0,0,0,0,3.13549423217773,7.28207349777222,0,0,4.9767336845398,0,8.56216621398926,0,0,5.01063537597656,4.92725372314453,7.38647079467773,0,0,11.9929599761963,0,4.58496761322021,9.7947883605957,10.6704196929932,6.92461252212524,7.18765735626221,6.77193546295166,0,1.60943794250488,10.6291017532349,2.89037179946899,6.68586111068726,9.96857261657715,7.94520092010498,0,8.4601993560791,0,0,0,0,6.74288082122803,4.12713432312012,11.1308298110962,10.5990314483643,6.33327960968018,0,8.03365802764893,0,0,9.38781642913818,8.72355651855469,7.00669527053833,0,7.6068844795227,10.8270711898804,0,0,4.96284484863281,12.0193328857422,9.39432716369629,13.8608131408691,12.2156467437744,10.0050964355469,9.71450424194336,12.3422756195068,11.5056791305542,9.99775218963623,12.557032585144,11.7760581970215,8.40760135650635,9.44065856933594,2.94443893432617,10.1986541748047,10.0959243774414,9.59082984924316,5.75574207305908,6.45204877853394,9.76571846008301,10.1476488113403,9.5644416809082,9.72214508056641,10.0462017059326,10.3684158325195,9.38387298583984,9.51804542541504,9.4404993057251,0,0,0,5.87773561477661,0
0,7.41878080368042,0,0,NA,0,0,0,0,0,0,0,0,0,0,0,0,0,0,0,0,0,0,0,0,0,0,0,0,0,0,0,0,0,0,0,0,0,0,0,0,0,0,0,0,0,0,0,0,0,0,0,0,0,0,0,0,0,0,0,0,0,0,0,0,0,0,0,0,0,0,0,0,0,0,0,0,0,0,0,0,0,0,0,0,0,0,0,0,0,0,0,0,0,0,0,0,0,0,0,0,0,0,0,0,0,0,0,0,0,0,0,0,0,0,0,0,0,0,0,0,0,0,0,0,0,0,0,0,0,0,0,0,0,0,0,0,0,0,0,2.0794415473938,0,0,0,0,0,0,0,0,0,0,2.19722461700439,0,0,0,0,0,0
0,6.5072774887085,6.19031524658203,0,0,NA,9.21243858337402,10.5842332839966,0,3.76120018959045,0,0,0,0,0,0,0,0,0,0,3.49650764465332,0,0,0,0,0,0,0,0,0,0,0,0,0,0,0,0,0,0,0,0,0,0,0,0,0,0,0,5.55295944213867,9.93576145172119,0,0,0,0,0,3.13549423217773,0,2.63905739784241,6.89467000961304,0,3.40119743347168,0,2.70805025100708,0,0,0,3.21887588500977,0,0,0,0,0,0,0,0,4.51085948944092,0,0,0,0,0,0,0,0,0,0,11.347225189209,0,7.09506416320801,0,0,7.41155624389648,6.4645881652832,0,0,0,10.2097949981689,7.16162204742432,0,9.5450963973999,0,0,0,0,0,0,0,7.09672117233276,8.18841171264648,0,7.57712173461914,8.61667633056641,0,4.64439105987549,0,0,4.11087369918823,0,6.16961050033569,10.8248453140259,0,10.7988815307617,0,0,0,10.0946865081787,7.77946710586548,10.4899120330811,9.9883337020874,9.17802333831787,5.59098720550537,11.3657474517822,9.03682041168213,8.06054019927979,8.64787006378174,9.65342235565186,6.58892631530762,8.13622570037842,4.68213129043579,6.90675497055054,7.44658517837524,8.01565742492676,0,0,0,8.46062278747559,3.91202306747437,0,6.39191722869873,10.2076578140259,0,5.42934560775757,2.19722461700439,0,0,0,0,0
0,11.3648195266724,11.2577104568481,10.0463752746582,0,3.25809645652771,NA,8.3170337677002,8.89781856536865,0,4.79579067230225,4.14313459396362,5.21493577957153,0,0,0,5.17614984512329,6.22059011459351,3.25809645652771,9.04404926300049,2.39789533615112,0,8.49167060852051,6.24610662460327,8.68558502197266,3.58351898193359,5.75257253646851,0,0,3.80666255950928,3.68887948989868,0,1.60943794250488,3.52636051177979,5.36597585678101,0,0,0,7.47760438919067,0,5.3132061958313,0,3.178053855896,7.34018707275391,4.52178859710693,5.40267753601074,6.7250337600708,0,6.85435438156128,11.1629285812378,0,1.94591009616852,0,0,7.22766256332397,0,0,0,1.94591009616852,0,0,7.90026617050171,8.86827278137207,0,0,0,0,0,0,0,0,8.91650581359863,0,8.57187080383301,0,0,0,1.94591009616852,0,0,0,0,0,0,0,0,8.96775913238525,5.73009967803955,5.50938844680786,10.5499362945557,10.7992286682129,8.50106334686279,6.71295642852783,5.26785802841187,5.66642665863037,6.38519430160522,8.94507217407227,9.82854843139648,7.77988529205322,10.0460720062256,7.4157772064209,0,9.15894222259521,0,0,0,0,0,7.08338785171509,11.3420658111572,10.5813179016113,6.50278997421265,0,0,0,6.7833251953125,0,1.94591009616852,6.03787088394165,7.92479610443115,4.75359010696411,9.99725151062012,9.20250988006592,0,0,12.0110187530518,9.31190395355225,13.5268936157227,12.9587755203247,11.4997692108154,8.93616676330566,13.2527351379395,10.8892488479614,8.6574764251709,11.5481767654419,10.8618030548096,8.83010387420654,8.01268100738525,6.92657709121704,7.37838363647461,8.54714012145996,9.02111530303955,7.3310604095459,0,8.51358699798584,8.70250988006592,7.27793836593628,7.6797137260437,8.31262588500977,8.61920833587646,10.006404876709,4.46590805053711,0,0,0,0,5.8051347732544,0
2.89037179946899,8.96187877655029,7.60389804840088,8.37170505523682,0,10.0243768692017,9.77792453765869,NA,4.14313459396362,0,5.19295692443848,0,0,0,2.63905739784241,0,0,4.34380531311035,0,7.90063667297363,5.62762117385864,0,0,4.24849510192871,6.96508026123047,0,2.99573230743408,0,0,0,3.68887948989868,4.82028150558472,3.66356158256531,4.8903489112854,6.05443954467773,0,0,0,0,0,0,3.52636051177979,7.3310604095459,0,5.52942895889282,1.7917594909668,0,0,8.37747097015381,11.9107141494751,0,0,1.7917594909668,0,8.78032684326172,0,0,0,0,0,0,6.33682584762573,0,0,0,0,0,0,0,0,0,3.178053855896,4.70048046112061,0,0,0,0,6.2519040107727,0,0,0,0,0,0,0,11.9909467697144,11.5013389587402,7.08673810958862,9.51569080352783,7.57660961151123,11.1110734939575,10.3800945281982,9.79026317596436,9.33961296081543,8.50106334686279,8.42639255523682,11.20924949646,7.1891679763794,0,9.89580821990967,9.4690055847168,2.89037179946899,8.4394474029541,0,0,0,0,8.87458801269531,5.71042680740356,8.0542049407959,6.86275768280029,11.4566297531128,0,6.07534599304199,0,0,7.80994701385498,5.67332315444946,11.1046562194824,7.46851348876953,8.25166416168213,8.45723056793213,7.68063735961914,3.36729574203491,0,11.3757190704346,10.2215051651001,12.1425838470459,12.1375370025635,10.8838796615601,8.34498023986816,13.0176696777344,11.3546915054321,9.78661632537842,10.6644105911255,11.4006967544556,10.2209587097168,8.09376811981201,0,7.7393593788147,8.59304237365723,10.1820659637451,5.54126358032227,8.18729972839355,9.36879634857178,10.7816190719604,9.41759872436523,9.37050151824951,8.54714012145996,10.4045658111572,12.8071870803833,6.9450511932373,3.71357202529907,0,0,0,0,0
0,8.52753925323486,0,7.78572082519531,0,0,7.87967014312744,0,NA,10.0400705337524,8.77878761291504,9.79160594940186,10.3443517684937,5.30826759338379,0,0,7.64683151245117,7.28207349777222,10.5073118209839,3.465735912323,0,0,4.67282867431641,6.87212800979614,9.7947883605957,0,7.98104953765869,0,0,3.85014748573303,4.02535152435303,4.27666616439819,7.32449007034302,5.09986639022827,10.3507022857666,0,5.14749431610107,1.94591009616852,9.49401473999023,0,8.93458652496338,0,0,8.19946384429932,0,1.60943794250488,4.17438745498657,2.56494927406311,8.11999416351318,11.9256181716919,0,0,8.3918571472168,0,7.00850534439087,0,0,0,5.30330467224121,0,0,2.0794415473938,0,0,0,0,0,0,0,0,0,0,4.60517024993896,2.83321332931519,0,0,0,0,0,0,0,0,0,0,0,4.51085948944092,9.81809329986572,0,2.56494927406311,0,0,0,0,2.94443893432617,2.89037179946899,0,4.76217412948608,0,0,8.88128089904785,0,0,5.52942895889282,0,0,0,0,0,5.16478586196899,6.25575017929077,6.58617162704468,8.41493892669678,0,4.17438745498657,0,0,2.0794415473938,0,6.83625936508179,6.0063533782959,9.60245037078857,9.41025638580322,0,0,0,10.4488887786865,0,12.7150592803955,11.5032997131348,8.77524089813232,5.7397928237915,11.3461265563965,11.9121780395508,9.78802013397217,11.2325496673584,7.34987354278564,0,6.14632940292358,0,4.91998100280762,5.89989757537842,8.51499080657959,0,0,7.45529842376709,0,8.44569683074951,6.99668169021606,0,5.42495012283325,8.83185768127441,2.70805025100708,0,0,0,0,0,0
0,0,0,0,0,8.13973236083984,0,0,5.40717172622681,NA,4.49980974197388,6.53813982009888,0,0,0,0,6.92264366149902,3.178053855896,0,0,0,0,0,0,0,0,0,0,0,0,0,4.23410654067993,0,0,6.45833826065063,0,0,0,2.94443893432617,0,0,0,0,0,0,0,0,0,0,6.92853784561157,0,0,0,0,0,0,0,0,0,0,0,0,0,0,0,0,0,0,0,0,0,0,0,0,0,0,0,0,0,0,0,0,0,6.66949796676636,0,0,0,0,0,0,0,0,0,0,0,0,0,0,0,0,0,0,0,0,0,0,0,0,0,0,0,4.77068471908569,0,0,0,0,0,0,0,0,0,0,1.94591009616852,0,0,11.0895156860352,0,10.0875988006592,7.31055021286011,0,5.40267753601074,7.17548990249634,0,0,8.87794017791748,6.04737234115601,0,0,0,0,5.37989711761475,8.55391120910645,0,0,0,0,0,0,0,0,0,0,0,0,0,0,0,0
0,5.32787609100342,0,7.77022314071655,0,0,6.45362520217896,0,6.31535816192627,7.4199800491333,NA,0,0,0,0,0,0,0,0,0,0,0,0,0,0,0,0,0,0,0,0,0,0,0,0,0,0,0,0,0,0,0,0,2.56494927406311,0,0,0,0,0,4.96981334686279,0,0,0,0,0,0,0,0,6.38181591033936,0,4.96981334686279,0,0,0,0,0,0,0,0,0,0,0,0,2.4849066734314,0,1.60943794250488,0,0,1.7917594909668,0,0,0,0,0,0,0,9.15736103057861,0,0,0,0,0,0,0,0,0,0,0,0,6.1923623085022,0,0,0,0,0,0,0,0,7.80872917175293,0,6.73696708679199,0,0,0,0,0,3.7376697063446,0,0,7.82043933868408,0,1.7917594909668,0,0,0,8.2063102722168,7.21303176879883,8.88599395751953,9.40170383453369,2.70805025100708,0,7.8391318321228,3.7376697063446,9.6310224533081,8.79905796051025,7.15851402282715,7.51914978027344,0,0,0,2.94443893432617,3.36729574203491,0,0,0,0,0,0,0,7.49665260314941,0,0,0,0,0,0,0,0
0,8.37216758728027,0,8.36567211151123,0,0,7.33823823928833,0,8.06934261322021,8.53719234466553,0,NA,0,0,0,0,0,0,0,0,0,0,0,0,0,0,0,0,0,0,0,0,0,0,0,0,8.43858242034912,0,5.87773561477661,0,0,0,0,6.19031524658203,0,0,0,0,0,13.1901321411133,0,0,0,0,0,3.04452252388,0,0,0,0,0,0,0,0,0,0,0,0,0,0,0,0,0,0,0,0,0,0,0,0,0,0,0,0,0,0,9.29155158996582,0,4.06044292449951,0,0,0,0,0,0,0,0,0,0,7.5938777923584,0,0,0,0,0,0,0,0,4.24849510192871,0,0,4.70953035354614,0,0,0,0,2.63905739784241,0,0,4.47733688354492,0,7.80506706237793,0,0,0,11.5567893981934,7.77569580078125,12.2088088989258,10.0219373703003,8.0339822769165,0,11.4797201156616,11.4031553268433,10.4984979629517,11.321159362793,8.24196624755859,4.89784002304077,4.40671920776367,0,4.6913480758667,7.28276109695435,7.65444326400757,0,0,0,7.8609561920166,5.68017244338989,0,0,4.81218433380127,0,4.09434461593628,0,0,0,0,0,0
0,9.39432716369629,0,9.69621753692627,0,0,7.24422740936279,0,8.11222839355469,7.8062891960144,0,0,NA,0,0,0,0,0,0,0,0,0,0,0,0,0,0,0,0,0,0,0,0,0,0,0,5.48893785476685,0,11.6781940460205,0,0,0,0,8.65189933776855,0,0,0,0,5.79605770111084,13.0167512893677,0,0,5.74620342254639,0,9.46831035614014,10.4152030944824,0,0,7.75790643692017,0,0,0,0,0,0,5.81114101409912,0,0,0,0,0,0,0,6.80016994476318,0,0,0,0,0,0,0,4.88280200958252,0,0,0,9.77752780914307,10.9612951278687,0,5.55295944213867,0,0,0,0,0,0,0,0,0,0,8.17159938812256,0,0,0,0,0,0,0,0,2.89037179946899,0,5.09986639022827,9.88435554504395,0,0,0,0,4.52178859710693,0,8.78569221496582,7.13329601287842,0,9.79261207580566,0,0,0,9.34145641326904,6.45519876480103,13.3568029403687,9.41743564605713,9.43914794921875,5.12396383285522,10.5585432052612,11.5659446716309,9.48729038238525,9.8188009262085,7.98548412322998,6.40357398986816,0,0,10.0127010345459,6.34738922119141,7.10987949371338,0,0,0,8.46210289001465,0,0,8.77028369903564,8.63052177429199,0,0,0,0,0,0,0,0
0,0,0,0,0,0,0,0,3.40119743347168,0,0,0,0,NA,0,0,0,0,0,0,0,0,0,0,0,0,0,0,0,0,0,0,0,0,0,0,0,0,10.1511678695679,0,0,0,0,8.4819803237915,0,0,0,0,11.2252836227417,14.5117959976196,0,0,0,0,10.1998071670532,10.5121383666992,4.74493217468262,8.51978969573975,4.61512041091919,0,0,0,0,0,0,0,0,0,0,0,0,0,0,2.63905739784241,0,4.00733327865601,0,0,0,0,0,0,0,0,0,0,11.1595735549927,0,0,0,0,0,0,0,0,0,0,0,0,3.82864141464233,0,0,0,0,0,0,0,0,1.60943794250488,0,0,0,0,0,0,0,0,0,0,7.84345626831055,0,5.61312818527222,0,0,0,12.546799659729,4.89784002304077,10.6366481781006,10.6453533172607,3.40119743347168,0,8.66060066223145,12.0197553634644,10.8515291213989,9.51789855957031,7.4336667060852,6.24027585983276,0,0,2.63905739784241,0,7.4460015296936,2.30258512496948,0,0,0,0,0,0,12.6071214675903,0,0,0,0,0,0,0,0
0,0,0,1.7917594909668,0,0,4.23410654067993,0,0,0,0,0,0,0,NA,0,0,0,0,0,2.89037179946899,0,0,0,0,0,0,0,0,0,0,0,0,0,0,0,0,0,0,0,0,0,0,0,0,0,0,0,0,8.4749116897583,0,0,0,0,0,3.91202306747437,0,0,0,0,0,0,0,0,0,0,0,0,0,0,0,0,0,0,0,0,0,0,0,0,0,0,0,0,0,0,8.87122440338135,0,0,0,0,0,0,0,6.18620872497559,0,0,0,0,0,0,0,0,0,0,0,0,0,2.63905739784241,0,0,0,0,0,0,0,7.5411524772644,0,0,2.70805025100708,0,2.30258512496948,0,0,0,10.7625513076782,6.56807804107666,9.40541362762451,10.6818714141846,0,5.67332315444946,8.02355194091797,7.87587928771973,4.96284484863281,7.89020824432373,8.07961845397949,5.4510383605957,9.07096290588379,0,0,5.68017244338989,7.31787633895874,0,0,0,0,0,0,0,6.59030103683472,0,2.30258512496948,0,0,0,0,0,0
0,0,0,0,0,0,0,3.29583692550659,0,0,0,0,0,0,0,NA,0,0,0,0,0,0,0,0,0,0,0,0,0,0,0,0,0,0,0,0,5.33271884918213,0,0,0,0,0,0,0,0,0,0,0,0,8.98557090759277,0,0,0,0,0,0,0,0,3.85014748573303,0,0,0,0,0,0,0,0,0,0,0,0,0,0,1.7917594909668,0,0,0,0,0,0,0,0,0,0,0,0,5.86363124847412,0,0,0,0,0,0,0,0,0,0,0,0,2.19722461700439,0,0,0,0,0,0,0,0,0,0,0,3.91202306747437,0,0,0,0,2.63905739784241,0,5.9322452545166,0,0,0,0,0,0,3.09104251861572,2.30258512496948,9.44335460662842,7.75705099105835,0,0,5.59098720550537,4.91998100280762,0,4.17438745498657,5.62762117385864,4.58496761322021,0,0,0,2.99573230743408,4.38202667236328,0,0,0,0,0,0,0,0,0,2.0794415473938,0,0,0,0,0,0
0,5.32300996780396,0,5.37989711761475,0,0,7.95997476577759,9.31533050537109,3.52636051177979,8.64892292022705,0,0,0,0,0,0,NA,0,0,0,0,0,0,0,0,0,0,0,0,0,0,0,0,0,0,0,3.58351898193359,0,3.58351898193359,0,0,0,0,5.8200831413269,0,0,0,0,9.68227958679199,12.7526760101318,0,0,2.94443893432617,0,8.97373199462891,1.94591009616852,0,0,4.1588830947876,0,0,0,6.94408702850342,0,0,0,0,0,0,0,0,7.07242202758789,0,1.7917594909668,0,0,0,0,0,0,0,0,0,0,0,0,10.9220819473267,0,4.09434461593628,0,0,0,0,0,0,0,0,0,0,9.78947830200195,0,0,0,0,0,0,0,0,6.07304430007935,0,0,9.34818744659424,0,9.26719284057617,0,0,6.45362520217896,0,0,8.30745887756348,0,7.95507431030273,0,0,0,13.6889505386353,7.52023458480835,11.1357707977295,12.2920618057251,8.56845664978027,8.08579444885254,11.8600406646729,9.62350940704346,8.9420690536499,10.0527696609497,9.60386753082275,8.49739837646484,8.83214950561523,0,0,6.73696708679199,8.03527927398682,0,0,0,8.75731182098389,0,0,5.08759641647339,9.09043025970459,0,5.2574954032898,0,0,0,0,0,0
0,2.99573230743408,0,8.1956090927124,0,0,7.94200658798218,0,3.97029185295105,2.4849066734314,0,0,0,0,0,0,0,NA,0,0,0,0,0,0,0,0,0,0,0,0,0,0,0,0,0,0,0,0,4.20469284057617,0,0,0,0,8.68050193786621,0,0,0,0,0,8.9589262008667,0,0,0,0,0,0,0,0,7.14282751083374,0,0,0,0,0,0,0,0,0,0,0,0,0,0,0,0,0,0,0,2.56494927406311,0,0,0,0,0,0,0,6.41836500167847,0,0,0,0,0,0,0,0,0,0,0,0,8.00703430175781,0,0,0,0,0,0,0,0,8.01499652862549,0,5.00394630432129,5.50533151626587,0,0,0,0,2.30258512496948,0,0,9.21632289886475,0,8.25945854187012,0,0,0,8.42463874816895,6.63463354110718,8.77709293365479,7.57455825805664,0,0,9.26093864440918,6.69456195831299,9.68190574645996,7.89394521713257,6.34212160110474,2.7725887298584,0,0,0,2.56494927406311,3.49650764465332,0,0,0,2.19722461700439,0,0,0,0,0,7.473069190979,0,0,0,0,0,0
0,0,0,0,0,0,3.49650764465332,0,2.56494927406311,1.60943794250488,0,0,0,0,0,0,0,0,NA,0,0,0,0,0,0,0,0,0,0,0,0,0,0,0,0,0,0,0,0,0,0,0,0,0,0,0,0,0,0,0,0,0,0,0,0,0,0,0,3.8712010383606,0,0,0,0,0,0,0,0,0,0,0,0,0,0,0,0,0,0,0,0,0,0,0,0,0,0,0,5.06259489059448,0,0,0,0,0,0,0,0,0,0,0,0,0,0,0,0,0,0,0,0,0,0,0,0,0,0,0,0,0,0,0,0,0,0,6.07534599304199,0,0,0,6.38181591033936,2.70805025100708,8.123854637146,8.30325698852539,3.52636051177979,0,8.67419719696045,8.25997543334961,6.32793664932251,9.89389133453369,0,0,0,0,0,0,3.55534815788269,0,0,0,2.56494927406311,6.41017484664917,0,0,3.25809645652771,0,0,0,0,0,0,0,0
0,0,0,2.0794415473938,0,0,5.29330492019653,0,2.19722461700439,0,0,0,0,0,0,0,0,0,0,NA,10.1161766052246,0,0,0,0,0,0,0,0,0,0,0,0,0,0,0,0,0,0,0,0,0,0,1.60943794250488,0,0,0,0,8.88114166259766,11.2201910018921,0,0,0,0,0,0,0,0,7.45703220367432,0,0,0,2.4849066734314,0,0,4.07753753662109,0,0,0,0,0,8.62927150726318,0,6.10702276229858,0,3.7376697063446,0,0,4.33073329925537,0,0,0,0,0,0,0,10.9174671173096,0,4.38202667236328,0,0,0,0,0,0,0,9.3712682723999,0,0,0,0,0,0,0,0,0,0,0,0,0,2.89037179946899,7.00760078430176,0,0,0,0,1.94591009616852,0,5.1059455871582,0,0,0,0,0,0,8.59711265563965,6.81234502792358,10.1836919784546,11.4740810394287,7.20785999298096,4.11087369918823,10.6487522125244,10.0487995147705,5.99645185470581,7.69211339950562,9.94678688049316,9.88969326019287,9.25998687744141,0,4.38202667236328,6.45833826065063,8.08825492858887,0,0,0,8.38617324829102,4.33073329925537,0,8.0228967666626,7.70481204986572,0,6.5264949798584,0,0,0,0,0,0
0,0,0,0,0,2.39789533615112,3.43398714065552,1.7917594909668,0,0,0,0,0,0,0,3.63758611679077,4.02535152435303,2.30258512496948,0,5.83188247680664,NA,0,0,0,0,0,0,4.60517024993896,0,0,0,0,0,0,0,0,5.18738603591919,2.7725887298584,0,0,0,6.78445720672607,2.19722461700439,0,2.99573230743408,3.63758611679077,0,0,2.0794415473938,4.63472890853882,0,0,0,0,0,0,0,0,0,0,0,0,0,0,0,0,0,0,0,0,0,0,0,0,0,0,0,0,0,0,0,0,0,0,0,0,0,0,1.60943794250488,0,0,0,0,0,0,0,5.8141303062439,0,5.33271884918213,0,9.15101528167725,0,0,0,0,0,0,0,0,1.94591009616852,0,2.0794415473938,0,0,0,0,2.4849066734314,0,1.60943794250488,4.18965482711792,0,0,0,0,0,5.2574954032898,0,9.19897651672363,3.58351898193359,5.84064149856567,0,6.89568281173706,3.52636051177979,3.8712010383606,0,4.40671920776367,0,0,2.83321332931519,0,0,0,0,0,0,0,0,0,0,6.55819797515869,0,0,0,0,0,0,1.60943794250488,0
0,0,0,0,0,0,0,0,0,0,0,0,0,0,0,0,0,0,0,0,0,NA,0,0,0,0,0,0,0,0,0,0,0,0,0,0,0,0,4.94164228439331,0,0,0,0,0,0,0,0,0,4.70048046112061,7.43897151947021,0,0,0,0,0,0,3.04452252388,0,4.45434713363647,0,0,3.7376697063446,0,0,0,0,0,0,0,0,0,0,0,0,0,0,0,0,0,0,3.13549423217773,0,0,0,0,0,11.4319105148315,0,0,0,0,0,0,0,0,0,0,0,0,0,0,0,0,0,0,0,0,0,8.53679943084717,0,0,3.49650764465332,0,0,0,0,0,0,0,3.8712010383606,0,0,0,0,0,10.36998462677,3.7376697063446,6.98100566864014,6.48463535308838,0,1.60943794250488,7.03614854812622,5.01063537597656,1.60943794250488,8.19808959960938,8.27690315246582,3.82864141464233,0,0,0,4.40671920776367,8.09742641448975,0,0,0,3.68887948989868,0,0,0,0,0,0,0,0,1.60943794250488,0,0,0
0,0,0,7.3505163192749,0,0,0,6.82437372207642,0,0,0,0,0,0,0,0,0,0,0,0,0,0,NA,0,0,0,0,0,0,0,0,0,0,0,0,0,0,0,0,0,0,0,0,8.48301601409912,0,0,0,0,8.35467433929443,11.8054609298706,0,0,0,0,0,0,0,0,6.82437372207642,0,0,0,0,0,0,0,0,0,0,0,0,8.29129600524902,0,0,0,5.08759641647339,0,0,0,0,0,0,0,0,0,0,11.1735572814941,0,5.86646795272827,0,0,0,0,0,0,0,6.7799220085144,2.39789533615112,0,7.99496936798096,0,0,0,0,0,0,0,10.1476097106934,6.49677515029907,0,4.02535152435303,8.46989154815674,0,5.21493577957153,0,0,6.11809730529785,0,8.23589038848877,9.01249885559082,0,8.70400428771973,0,0,0,10.308952331543,8.60263633728027,10.50328540802,12.4510517120361,5.60947179794312,10.0603628158569,9.91605854034424,10.7496137619019,7.93630266189575,10.3108177185059,11.9222497940063,8.69366455078125,7.07072401046753,0,9.00245475769043,7.32843732833862,9.79801559448242,7.18311166763306,0,0,9.48562049865723,9.0213565826416,8.08425426483154,7.39449310302734,9.94059085845947,0,4.94164228439331,5.03043794631958,0,0,0,0,0
0,0,5.17614984512329,4.99043273925781,0,0,0,0,10.4537744522095,4.1588830947876,0,0,0,0,0,0,0,0,0,0,0,0,0,NA,0,0,0,0,0,0,0,0,0,0,0,0,1.7917594909668,0,6.51471281051636,0,0,0,0,4.88280200958252,0,0,0,0,9.67696285247803,11.9883394241333,0,0,0,0,7.14282751083374,0,3.40119743347168,0,0,0,0,0,0,0,0,0,0,0,0,0,0,0,0,0,0,0,0,0,0,0,0,0,0,0,0,0,7.97177600860596,0,0,0,0,0,0,0,0,0,0,0,0,3.178053855896,0,0,0,0,0,0,0,6.35610771179199,4.84418725967407,0,0,4.85981225967407,0,0,0,0,4.91998100280762,0,0,0,0,6.32076835632324,0,0,0,11.0296173095703,7.1260871887207,11.0503187179565,10.909107208252,0,11.0016326904297,10.615481376648,7.4324836730957,4.80402088165283,11.0836334228516,9.76583385467529,7.71735143661499,0,0,9.21642208099365,4.9767336845398,6.49978685379028,0,0,0,4.12713432312012,8.98067569732666,0,6.1548581123352,10.4661273956299,0,0,0,0,0,0,0,0
0,8.32772636413574,0,9.64329051971436,0,0,9.96434783935547,7.59890031814575,8.5612096786499,6.90374708175659,0,0,0,0,0,0,0,0,0,0,3.178053855896,0,0,0,NA,0,0,0,0,0,0,0,0,0,0,0,6.40357398986816,0,11.1173906326294,0,0,0,0,9.39540863037109,0,0,0,0,10.1262311935425,12.449426651001,0,0,5.85220241546631,1.94591009616852,6.94697618484497,1.7917594909668,5.81114101409912,0,1.60943794250488,0,0,0,0,1.7917594909668,0,0,0,0,0,0,0,0,0,6.38519430160522,0,3.13549423217773,0,0,4.83628177642822,0,0,4.67282867431641,0,0,0,7.46164035797119,10.4091596603394,0,7.57558488845825,0,0,5.9215784072876,5.88887786865234,0,4.20469284057617,0,8.47595405578613,5.68697547912598,0,8.34972095489502,0,0,0,0,0,0,0,0,7.69439268112183,0,9.29816818237305,8.20303058624268,0,8.9069356918335,0,0,0,0,7.65586423873901,10.5152616500854,0,9.41751670837402,0,0,0,11.9923095703125,9.80576419830322,13.0972080230713,12.3360300064087,11.3398094177246,9.70588970184326,12.4402627944946,12.0453758239746,10.3271522521973,11.9185972213745,11.5843992233276,9.63016891479492,8.53817176818848,3.76120018959045,6.4118185043335,9.15186309814453,9.60400295257568,7.06902360916138,0,0,9.86951732635498,8.48301601409912,0,0,8.18367671966553,0,7.42654895782471,0,0,0,0,0,0
0,5.70378255844116,0,6.25958156585693,0,0,7.57712173461914,9.19887447357178,7.10332202911377,0,0,0,0,0,0,0,0,0,0,0,6.86066389083862,0,0,0,0,NA,0,0,0,0,0,0,0,0,0,0,9.71938419342041,0,3.178053855896,7.31322050094604,0,0,0,4.34380531311035,0,0,0,0,9.39457702636719,11.1960887908936,0,0,0,0,6.16331481933594,2.30258512496948,0,0,3.09104251861572,0,0,0,1.7917594909668,0,0,1.7917594909668,0,0,0,4.14313459396362,0,0,0,4.21950769424438,0,4.75359010696411,0,0,3.58351898193359,0,2.63905739784241,2.63905739784241,0,0,0,9.2885046005249,9.9529914855957,0,0,0,0,6.96413564682007,7.21670961380005,0,6.13988447189331,0,8.19671249389648,0,0,5.99146461486816,0,0,0,0,0,0,0,7.71467733383179,7.78821134567261,0,7.99260663986206,7.67832612991333,0,8.32215118408203,0,0,11.1500883102417,0,8.83185768127441,8.9069356918335,0,8.4763708114624,0,0,0,10.3936309814453,8.5564136505127,10.7213716506958,11.9867906570435,8.08178424835205,9.27472305297852,10.9147615432739,10.7876892089844,8.61649513244629,10.0199365615845,12.4382829666138,8.71620750427246,9.51406764984131,3.465735912323,8.24905204772949,10.1490964889526,9.82086658477783,4.99721240997314,0,0,5.50938844680786,4.70048046112061,7.8244457244873,8.24249362945557,7.55903816223145,0,8.67025756835938,7.17548990249634,0,0,0,0,0
0,7.80710315704346,0,6.72982406616211,0,0,0,6.55535697937012,5.31812000274658,0,0,0,0,0,0,0,0,0,0,0,0,0,0,0,0,0,NA,0,0,0,0,0,0,0,0,0,0,0,5.86078643798828,0,0,0,0,5.40267753601074,0,0,0,0,8.56541156768799,11.6443748474121,0,0,3.178053855896,0,6.8522424697876,3.49650764465332,3.33220458030701,0,9.26027297973633,0,0,0,0,0,0,0,0,0,0,0,0,0,0,0,0,0,0,0,0,0,0,0,0,0,0,10.3798770904541,8.90788269042969,0,0,0,0,0,0,0,4.29045963287354,0,0,3.29583692550659,0,9.25215435028076,0,0,0,0,0,0,0,0,4.36944770812988,0,0,11.4015808105469,0,7.81802797317505,0,0,2.19722461700439,0,11.1668367385864,2.7725887298584,0,7.26192712783813,0,0,0,13.3104600906372,11.377025604248,11.34792137146,12.155068397522,10.3917608261108,7.15070152282715,11.5199909210205,9.39332866668701,10.0145816802979,10.4809150695801,9.3969030380249,5.47646331787109,0,0,13.727746963501,10.7027950286865,6.78784513473511,4.4188404083252,0,0,5.2574954032898,0,0,9.22216987609863,7.03438806533813,0,0,0,0,0,0,0,0
0,8.68169021606445,0,6.3526291847229,0,0,6.35957384109497,0,0,0,0,0,0,0,0,0,0,0,0,0,2.94443893432617,0,0,0,0,0,0,NA,0,0,0,0,0,0,0,0,9.84702301025391,0,4.21950769424438,3.13549423217773,0,0,0,0,0,0,0,0,7.28207349777222,10.5904407501221,0,0,0,0,2.89037179946899,0,0,0,0,0,0,0,0,0,0,0,0,0,0,0,0,0,0,6.73459148406982,0,0,0,0,0,0,0,1.94591009616852,0,0,0,0,10.6720666885376,0,0,0,0,0,0,0,2.7725887298584,0,6.57646942138672,0,0,3.66356158256531,0,0,0,0,0,0,0,8.03040981292725,6.54102993011475,0,0,4.34380531311035,0,5.22574663162231,0,8.77121543884277,6.29710912704468,0,9.7591552734375,4.00733327865601,0,9.03574848175049,0,0,0,8.52734184265137,7.98582458496094,11.6016960144043,10.3207492828369,7.53422832489014,1.94591009616852,9.71081256866455,8.08548641204834,8.0589599609375,9.16878890991211,9.16785049438477,9.03336429595947,5.09375,0,4.59511995315552,5.7990927696228,7.66575336456299,0,0,0,5.18178367614746,5.99146461486816,0,0,5.52146100997925,0,5.08759641647339,3.43398714065552,0,2.0794415473938,0,0,0
0,3.29583692550659,0,0,0,0,0,8.60886001586914,0,0,0,0,0,0,0,0,0,0,0,0,0,0,0,0,0,0,0,0,NA,0,0,0,0,0,0,0,0,0,6.25958156585693,3.82864141464233,0,0,0,0,0,0,0,0,6.48157691955566,10.5474185943604,0,0,0,0,0,0,0,0,7.23849678039551,0,0,3.40119743347168,0,0,0,0,0,0,0,4.24849510192871,0,0,0,3.33220458030701,0,3.465735912323,0,2.39789533615112,6.16541767120361,0,3.80666255950928,2.4849066734314,0,0,0,1.7917594909668,10.4716386795044,0,4.90527486801147,0,0,7.98752450942993,0,0,4.34380531311035,0,5.09986639022827,0,0,0,0,0,0,0,0,0,0,0,0,0,5.69373226165771,0,0,5.26785802841187,0,0,8.59322834014893,0,0,0,0,0,0,0,0,8.60703372955322,8.18618583679199,9.44833278656006,10.267505645752,7.46508264541626,6.22455835342407,7.92153549194336,9.87544822692871,8.69097805023193,8.50633430480957,10.7280797958374,7.47477197647095,8.30251407623291,0,6.90875482559204,7.12689065933228,8.52476406097412,3.55534815788269,0,0,0,0,0,0,5.00394630432129,0,8.91260814666748,7.3310604095459,0,4.5643482208252,0,0,0
0,10.0946035385132,0,9.5635290145874,0,0,8.84922695159912,0,3.33220458030701,2.56494927406311,0,0,0,0,0,0,0,0,0,0,2.0794415473938,0,0,0,0,0,0,0,0,NA,0,0,0,0,0,0,0,0,7.23056316375732,0,0,0,0,4.06044292449951,0,0,0,0,9.51199913024902,8.92239189147949,0,0,0,0,0,3.29583692550659,4.35670900344849,0,0,0,0,0,0,0,0,0,0,0,0,0,0,0,0,0,0,0,0,0,0,0,0,0,0,0,0,0,7.35755634307861,0,0,0,0,0,0,0,0,0,0,0,0,1.60943794250488,0,0,0,0,0,0,0,0,0,0,6.7522702217102,7.84463262557983,0,0,0,0,0,0,0,9.08772087097168,0,7.46679925918579,0,0,0,9.78560447692871,3.95124363899231,9.51229476928711,9.26169872283936,4.36944770812988,6.90875482559204,8.93590354919434,6.57507562637329,8.94754600524902,8.86644077301025,8.22951126098633,3.33220458030701,3.61091780662537,0,0,5.62040090560913,6.76734304428101,0,0,0,6.17378616333008,3.71357202529907,0,0,0,0,0,0,0,2.56494927406311,0,0,0
0,7.06817197799683,0,5.71042680740356,0,0,0,4.29045963287354,9.09043025970459,0,0,0,0,0,0,0,0,0,0,0,0,0,0,0,0,0,0,0,0,0,NA,0,0,0,0,0,0,0,6.9137372970581,0,0,0,0,8.06620788574219,0,0,0,0,1.94591009616852,9.38530158996582,0,0,0,0,0,1.7917594909668,0,0,1.60943794250488,0,0,0,0,0,0,0,0,0,0,0,0,0,0,0,0,0,0,0,0,0,0,0,0,0,0,0,12.152645111084,0,2.89037179946899,0,0,0,0,0,0,0,3.68887948989868,0,0,4.38202667236328,0,0,0,0,0,0,0,0,2.39789533615112,0,0,4.18965482711792,0,0,0,0,7.99057674407959,0,0,0,0,0,0,0,0,10.9896898269653,0,11.2229471206665,6.84054660797119,8.65573692321777,1.94591009616852,11.2492980957031,6.33859395980835,8.88100242614746,10.525541305542,10.1331701278687,1.94591009616852,0,1.7917594909668,0,4.06044292449951,3.49650764465332,3.04452252388,0,0,0,0,0,0,0,0,0,0,0,0,0,0,0
0,0,0,0,0,0,0,5.44673728942871,3.33220458030701,0,0,0,0,0,0,0,0,0,0,0,2.0794415473938,0,0,0,0,0,0,0,0,0,0,NA,0,0,0,0,9.84214401245117,0,1.7917594909668,7.37086009979248,0,0,0,3.71357202529907,0,0,0,0,8.76888561248779,12.0547437667847,0,0,0,0,0,0,0,0,0,0,0,0,0,0,0,0,0,0,0,0,0,0,0,5.9322452545166,0,4.57471084594727,0,0,2.30258512496948,0,0,3.13549423217773,0,0,0,0,8.58054351806641,0,2.30258512496948,0,0,0,0,0,0,0,0,0,0,0,0,0,0,0,0,0,0,4.17438745498657,8.47345066070557,0,0,6.36818695068359,0,6.63725805282593,0,0,6.53233432769775,0,8.8555212020874,2.99573230743408,0,3.89182019233704,0,0,0,10.2587118148804,8.44655609130859,12.3603286743164,11.5123453140259,4.02535152435303,8.29903697967529,10.577299118042,9.77724361419678,9.1668062210083,8.44462203979492,12.7767467498779,7.2427978515625,6.38687944412231,3.40119743347168,7.93630266189575,8.65207386016846,8.83608341217041,0,0,0,0,0,0,0,0,0,7.37211799621582,5.61677122116089,0,0,0,0,0
0,0,0,6.79458665847778,0,0,3.76120018959045,6.36302804946899,2.7725887298584,0,0,0,0,0,0,0,0,0,0,0,0,0,0,0,0,0,0,0,0,0,0,0,NA,0,0,0,5.95324325561523,0,3.465735912323,0,0,0,0,0,0,0,0,0,7.34858751296997,9.94462966918945,0,1.94591009616852,0,0,3.36729574203491,0,0,0,8.08363723754883,0,0,0,0,1.94591009616852,0,0,0,0,0,0,0,5.23110866546631,0,0,0,0,0,0,0,0,0,0,0,0,0,0,9.74061584472656,0,4.89784002304077,0,0,0,0,0,0,0,6.19847869873047,0,0,4.20469284057617,0,0,0,0,0,0,0,2.56494927406311,10.9641036987305,0,10.2009963989258,4.38202667236328,0,8.17920017242432,0,0,0,0,11.059362411499,8.87905502319336,0,10.6493225097656,0,0,0,6.16541767120361,6.40025758743286,8.49064350128174,9.34958076477051,5.41164588928223,6.60665035247803,6.52062129974365,7.89506340026855,9.34268379211426,9.97970771789551,10.0797910690308,3.61091780662537,6.77193546295166,2.99573230743408,6.82219743728638,7.68524360656738,4.63472890853882,0,0,0,6.46925020217896,0,0,0,5.84354448318481,0,7.0228681564331,0,0,2.94443893432617,0,0,0
0,0,0,0,0,0,0,5.3132061958313,0,0,0,0,0,0,0,0,0,0,0,0,4.1588830947876,0,0,0,0,0,0,0,0,0,0,0,0,NA,0,0,0,0,7.24708080291748,0,0,0,0,6.63331842422485,0,0,0,0,9.04758644104004,7.7314920425415,0,0,0,0,0,0,0,0,0,0,0,0,0,0,0,0,0,0,0,0,0,0,0,1.60943794250488,0,0,0,0,0,0,0,0,0,0,0,0,0,0,0,0,0,0,0,0,0,0,0,0,0,4.70048046112061,0,0,0,0,0,0,0,0,0,0,2.94443893432617,4.82028150558472,0,0,0,0,0,0,0,7.0201907157898,0,2.83321332931519,0,0,0,5.01063537597656,6.61606502532959,12.3874683380127,5.98393630981445,0,0,7.4454174041748,5.36129236221313,10.0390672683716,10.3558044433594,7.86326694488525,5.93489408493042,0,0,3.49650764465332,5.05624580383301,5.47646331787109,0,0,0,0,0,0,0,0,0,1.60943794250488,0,0,0,0,0,0
0,6.97914505004883,0,7.8391318321228,0,0,6.22059011459351,3.29583692550659,8.59711265563965,5.6383547782898,0,0,0,0,0,0,0,0,0,0,0,0,0,0,0,0,0,0,0,0,0,0,0,0,NA,0,0,0,11.7284965515137,0,0,0,0,8.96877861022949,0,0,0,0,12.9649486541748,15.5406951904297,0,3.8712010383606,6.8700532913208,0,11.6446113586426,11.8548755645752,0,0,5.53338956832886,0,0,9.52719306945801,0,0,0,4.65396022796631,4.94164228439331,0,0,3.40119743347168,0,0,0,0,0,0,0,0,10.2727031707764,0,0,0,0,0,0,0,8.45340061187744,0,4.90527486801147,0,0,0,0,0,0,0,7.8034348487854,0,0,7.93773174285889,0,0,0,0,0,0,0,7.56112146377563,7.58984136581421,0,4.02535152435303,6.67708349227905,0,10.215630531311,0,0,5.99396133422852,0,10.5561256408691,6.96885061264038,0,9.349928855896,0,0,0,10.4842214584351,7.62657022476196,13.0752105712891,13.4546394348145,7.94342756271362,8.85409355163574,12.8904695510864,12.9229459762573,12.7414627075195,14.0733728408813,12.2760133743286,11.08229637146,6.47697257995605,0,2.7725887298584,8.83942127227783,10.3110504150391,0,0,0,8.79754829406738,8.71028995513916,0,4.35670900344849,8.11880302429199,0,2.70805025100708,2.7725887298584,0,4.70953035354614,0,0,0
0,8.51879215240479,0,0,0,0,7.09589338302612,3.33220458030701,0,0,0,0,0,0,0,0,0,0,0,0,0,0,0,0,0,0,0,0,0,0,0,0,0,0,0,NA,0,0,4.59511995315552,0,0,0,0,3.465735912323,0,0,0,0,4.65396022796631,7.64012336730957,0,0,0,0,0,0,3.89182019233704,0,5.76832103729248,0,0,0,0,0,0,0,0,0,0,0,0,0,0,0,0,0,0,0,0,0,0,0,0,0,0,0,6.06842565536499,0,0,0,0,0,0,0,0,0,0,0,0,0,0,0,0,0,0,0,0,0,0,0,0,0,0,0,0,0,2.4849066734314,0,0,2.56494927406311,0,6.71295642852783,0,0,0,6.07993316650391,2.39789533615112,7.68340349197388,8.34640502929688,0,0,7.04490518569946,7.32052707672119,8.47073078155518,8.44912815093994,5.75574207305908,6.10255861282349,0,0,0,4.8751974105835,4.83628177642822,0,0,0,4.21950769424438,0,0,0,2.19722461700439,0,0,0,0,0,0,0,0
5.29831743240356,0,0,0,0,0,0,0,3.80666255950928,0,0,0,0,0,0,8.88280773162842,0,0,0,0,5.42934560775757,0,0,0,0,0,0,8.47553730010986,0,0,0,7.29844522476196,0,0,0,0,NA,0,0,7.20934009552002,0,0,0,0,0,0,0,0,2.0794415473938,6.25382900238037,0,0,0,0,0,0,0,0,0,0,0,0,0,0,0,0,0,0,0,0,0,0,0,5.09375,0,0,0,0,0,0,0,4.86753463745117,0,0,0,0,8.38274669647217,0,0,0,0,0,0,0,0,0,0,0,3.04452252388,0,0,0,0,0,0,0,0,0,0,0,0,0,0,0,0,0,0,0,0,0,0,0,0,0,0,5.15329170227051,0,11.7432508468628,7.69211339950562,0,0,6.81673574447632,4.86753463745117,8.7142391204834,1.60943794250488,8.90068531036377,2.63905739784241,0,0,0,0,6.90374708175659,0,0,0,0,0,0,0,0,0,0,0,0,0,0,2.7725887298584,0
0,0,0,0,0,0,0,0,0,0,0,0,0,0,0,0,0,0,0,0,0,0,0,0,0,0,0,0,0,0,0,0,0,0,0,0,0,NA,0,0,0,0,0,0,0,0,0,0,7.01750612258911,8.91072082519531,0,0,2.56494927406311,0,0,0,0,0,3.25809645652771,0,0,0,0,0,0,0,0,0,0,0,0,0,0,0,0,0,0,0,0,0,0,0,0,0,0,0,7.5368971824646,0,0,0,0,0,0,0,5.19849681854248,0,0,0,0,0,0,0,0,0,0,0,0,0,0,0,0,0,0,0,0,0,9.17585277557373,0,0,0,0,3.36729574203491,0,0,0,9.83750820159912,7.389564037323,8.7000150680542,10.6552333831787,0,7.81762552261353,8.72241687774658,8.83083534240723,2.19722461700439,7.68248224258423,8.49494743347168,1.94591009616852,6.9137372970581,0,1.7917594909668,6.68959903717041,6.19847869873047,0,0,0,0,0,0,0,0,0,0,0,0,0,0,0,0
0,4.26268005371094,0,6.70196056365967,0,0,7.64204454421997,6.02586603164673,9.85392951965332,6.66568374633789,5.87773561477661,8.47386837005615,7.76811027526855,0,0,0,6.76388502120972,8.50895977020264,3.29583692550659,0,1.60943794250488,9.14120483398438,5.31812000274658,9.73855400085449,9.97664546966553,5.87211799621582,5.5683445930481,2.89037179946899,3.61091780662537,10.8344898223877,9.35850143432617,3.52636051177979,0,7.06475925445557,7.75533866882324,8.82350063323975,0,0,NA,0,7.1869010925293,0,3.178053855896,9.07406234741211,0,2.56494927406311,8.72453212738037,0,6.48157691955566,7.81075811386108,0,0,2.83321332931519,0,3.43398714065552,0,0,3.8712010383606,7.32118844985962,0,0,0,0,0,0,0,0,0,0,0,0,0,7.23921489715576,3.43398714065552,0,0,0,0,0,0,0,0,0,0,0,0,10.2475385665894,3.63758611679077,4.14313459396362,0,0,0,0,0,0,0,6.2519040107727,7.3192024230957,5.96870756149292,0,0,0,0,0,0,0,0,0,7.1731915473938,11.1830730438232,5.74939298629761,6.96790933609009,0,0,0,0,1.60943794250488,9.72310447692871,0,5.30826759338379,8.17018604278564,7.01391553878784,2.0794415473938,0,0,8.69968128204346,4.18965482711792,12.4842834472656,9.27734470367432,8.29903697967529,7.81520700454712,10.869215965271,8.78996467590332,7.91059064865112,10.3959560394287,8.74225521087646,2.7725887298584,2.39789533615112,0,2.4849066734314,4.90527486801147,6.31896829605103,0,0,0,0,0,0,0,7.6280312538147,1.94591009616852,0,0,0,0,0,0,0
4.48863649368286,0,0,0,0,0,0,0,0,0,0,0,0,0,0,0,0,0,0,0,0,0,0,0,0,3.25809645652771,0,0,0,0,0,3.68887948989868,0,0,0,0,7.76980113983154,0,0,NA,3.25809645652771,0,0,0,0,0,0,0,2.7725887298584,7.11395597457886,0,0,0,0,4.57471084594727,0,3.09104251861572,0,0,0,0,0,0,0,0,0,0,0,0,0,0,0,0,0,0,0,0,0,0,0,0,0,0,0,0,0,4.77912330627441,0,0,0,0,0,8.81269454956055,0,0,0,0,0,0,0,7.42714405059814,0,0,0,0,0,0,3.85014748573303,4.9767336845398,3.52636051177979,0,0,0,0,0,0,6.10924768447876,0,5.93753623962402,0,0,0,0,0,0,3.29583692550659,4.06044292449951,8.90109443664551,7.03702783584595,1.94591009616852,0,7.23921489715576,3.25809645652771,0,0,7.11069631576538,2.7725887298584,0,0,0,1.60943794250488,2.94443893432617,0,0,0,0,0,0,0,0,0,2.70805025100708,0,0,0,0,0,0
0,0,0,0,0,0,1.94591009616852,0,0,0,0,0,0,0,0,0,0,0,0,0,0,0,0,0,0,0,0,0,0,0,0,0,0,0,0,0,0,0,3.36729574203491,0,NA,0,0,0,0,0,0,0,9.50517177581787,11.0445528030396,0,0,0,0,7.6797137260437,0,0,0,0,0,0,0,7.43720626831055,0,0,0,0,0,0,0,0,0,0,0,0,0,0,0,0,0,0,0,0,0,0,0,8.20521831512451,0,3.36729574203491,0,0,0,0,0,0,0,0,0,0,0,0,0,0,0,0,0,0,0,1.60943794250488,0,0,0,0,0,0,0,0,0,0,8.35960292816162,0,0,0,0,0,11.0628967285156,6.49677515029907,9.4029426574707,10.5937051773071,5.85793304443359,1.7917594909668,6.99759578704834,8.90395069122314,5.02388048171997,9.18471527099609,10.1656980514526,4.44265127182007,3.58351898193359,0,4.8520302772522,3.21887588500977,7.0475172996521,6.60394382476807,0,0,0,0,0,0,0,0,0,2.4849066734314,0,0,0,0,0
0,0,0,0,0,0,0,3.95124363899231,0,0,0,0,0,0,0,0,0,0,0,0,5.82894563674927,0,0,0,0,0,0,0,0,0,0,0,0,0,0,0,4.82831382751465,0,0,0,0,NA,0,0,0,0,0,0,3.85014748573303,5.63121175765991,0,0,0,0,0,0,0,0,0,0,0,0,0,0,0,0,0,0,0,0,0,0,0,0,0,0,0,0,0,0,0,0,0,0,0,0,6.36990118026733,0,0,0,0,0,0,0,3.89182019233704,0,10.4348211288452,0,0,4.4188404083252,0,0,0,0,0,0,0,0,6.02102327346802,0,2.0794415473938,2.94443893432617,0,0,0,0,1.7917594909668,0,5.6698808670044,0,0,7.00215578079224,0,0,0,2.19722461700439,2.39789533615112,7.83518362045288,6.18208503723145,9.64717483520508,0,10.3570756912231,5.45958566665649,0,6.5264949798584,6.71659469604492,2.19722461700439,0,0,0,4.35670900344849,2.30258512496948,0,0,0,4.57471084594727,0,0,0,0,0,4.39444923400879,0,0,0,0,0,0
0,8.21554756164551,8.41449546813965,8.16621589660645,0,0,6.28599786758423,9.80598449707031,8.45680618286133,4.77068471908569,0,0,0,0,0,0,0,0,0,0,0,0,0,0,0,0,0,0,0,0,0,0,0,0,0,0,7.52185916900635,0,6.2672004699707,6.40357398986816,0,0,NA,3.78418970108032,0,0,0,0,8.59600448608398,11.8002672195435,0,0,2.0794415473938,0,6.77650690078735,5.83481073379517,0,0,9.3862247467041,0,0,4.82028150558472,0,0,0,0,0,0,0,0,0,0,0,0,0,5.17048406600952,0,0,0,0,0,0,0,0,0,0,12.1231307983398,0,6.53087759017944,0,0,10.4299898147583,0,0,4.8751974105835,0,5.92692613601685,0,0,7.89133071899414,0,0,0,0,0,0,0,7.70706272125244,8.82834720611572,0,9.01347351074219,8.97600936889648,0,9.55754089355469,0,0,7.67786359786987,0,0,8.28223037719727,0,11.1542053222656,0,0,0,10.1668510437012,9.40327167510986,10.5212106704712,12.4789085388184,8.61830425262451,8.51699352264404,11.6143350601196,10.2779779434204,10.4698238372803,10.3654594421387,11.8522367477417,9.39640522003174,8.18674278259277,3.13549423217773,8.31654453277588,9.47285842895508,9.5595874786377,0,0,0,9.0352725982666,5.736572265625,0,6.1944055557251,9.06797027587891,0,8.7741584777832,7.45703220367432,0,1.94591009616852,0,0,0
0,3.52636051177979,0,8.06211757659912,0,0,7.04925489425659,0,5.98141431808472,3.52636051177979,6.2324481010437,4.02535152435303,5.71702766418457,0,0,0,4.17438745498657,8.89247417449951,4.29045963287354,0,3.465735912323,2.83321332931519,8.52872657775879,3.465735912323,6.0591230392456,0,3.178053855896,0,0,6.06610822677612,0,0,4.60517024993896,7.9617190361023,8.74321269989014,6.97634792327881,0,0,4.12713432312012,0,0,0,0,NA,0,0,8.67214393615723,0,10.4512624740601,6.02102327346802,0,0,0,0,0,0,0,0,7.56837940216064,0,0,0,0,0,0,0,0,0,0,0,0,0,0,0,0,0,0,0,0,0,0,0,0,0,0,4.20469284057617,7.85360479354858,0,3.63758611679077,0,0,0,0,0,0,0,0,0,1.60943794250488,6.6147255897522,0,0,0,0,0,0,0,0,5.02388048171997,9.01541996002197,7.48885297775269,0,0,0,0,0,0,9.44303798675537,5.8200831413269,8.09712219238281,9.0409746170044,2.94443893432617,0,0,0,7.34536504745483,7.95331811904907,10.2587118148804,8.82320594787598,6.12468338012695,5.69373226165771,10.0527696609497,8.92119026184082,9.25579166412354,10.0923709869385,8.01466655731201,4.49980974197388,0,0,5.3132061958313,6.68710851669312,7.57916784286499,0,0,0,0,0,9.40079498291016,0,5.88610410690308,8.52833080291748,9.30755805969238,0,0,0,0,0,0
0,8.46989154815674,0,6.30809831619263,0,0,4.33073329925537,5.70378255844116,0,0,0,0,0,0,0,0,0,0,0,0,0,0,0,0,0,0,0,0,0,0,0,0,0,0,0,0,0,0,0,0,0,0,0,2.0794415473938,NA,0,0,0,8.6155891418457,10.6813659667969,0,0,3.33220458030701,0,0,0,0,0,3.55534815788269,0,0,3.68887948989868,0,0,0,0,0,0,0,0,0,9.51980876922607,0,0,0,0,0,0,0,0,0,0,0,0,0,0,9.26084327697754,0,0,0,0,5.91350317001343,0,0,0,0,4.77068471908569,4.18965482711792,0,5.12396383285522,0,0,0,0,0,0,0,0,5.32300996780396,0,0,7.20266103744507,0,3.98898410797119,0,0,6.10255861282349,0,3.09104251861572,2.94443893432617,0,0,0,0,0,9.19634246826172,8.18896675109863,10.5078582763672,10.2001419067383,6.2324481010437,3.71357202529907,9.84463977813721,10.7046813964844,8.56997585296631,10.3784475326538,10.4433374404907,6.92951679229736,4.38202667236328,3.89182019233704,5.59471130371094,3.78418970108032,5.89164400100708,0,0,0,6.85646200180054,9.27640914916992,0,0,8.50431060791016,0,7.48380661010742,0,0,0,0,0,0
0,4.82831382751465,0,3.13549423217773,0,0,8.50370216369629,6.76272964477539,0,0,0,0,0,0,0,0,0,0,0,0,4.31748819351196,0,0,0,0,0,0,0,0,0,0,0,0,0,0,0,7.8192343711853,0,0,0,0,0,0,0,0,NA,0,0,7.42476177215576,10.9304780960083,0,0,0,0,0,0,0,0,0,0,0,0,0,0,0,0,0,3.43398714065552,0,0,0,6.3543701171875,0,3.36729574203491,0,0,0,0,2.94443893432617,0,0,0,0,0,0,0,10.2173128128052,0,2.39789533615112,0,0,0,0,0,6.88141107559204,0,8.45977592468262,3.49650764465332,0,5.92692613601685,0,0,0,0,0,0,0,6.23048162460327,10.0091075897217,0,7.74586820602417,5.89715385437012,0,8.84965705871582,0,4.36944770812988,9.40631866455078,0,10.2050352096558,8.46062278747559,0,7.00397396087646,0,0,0,10.4874897003174,8.60813045501709,9.47339630126953,11.1788921356201,6.35610771179199,6.95939874649048,10.145923614502,9.95840167999268,9.85435009002686,9.13841438293457,10.5188894271851,8.15421295166016,8.55333232879639,0,6.99942255020142,6.51619291305542,7.82484579086304,0,0,0,7.63964223861694,4.35670900344849,0,0,7.1785454750061,0,6.65415239334106,6.7226300239563,0,0,0,0,0
0,7.14045286178589,0,6.7580943107605,0,0,8.05737781524658,0,2.89037179946899,0,0,0,0,0,0,0,0,0,0,0,0,0,0,0,0,0,0,0,0,0,0,0,0,0,0,0,2.0794415473938,0,0,0,0,0,0,7.60588979721069,0,0,NA,0,4.12713432312012,5.99893665313721,0,0,0,0,0,0,0,0,2.0794415473938,0,0,0,0,5.32787609100342,0,0,0,0,0,0,0,0,0,0,0,0,0,0,0,0,0,0,0,0,0,0,7.74326992034912,0,2.0794415473938,0,0,0,0,0,0,0,0,0,0,7.37023067474365,0,0,0,0,0,0,0,0,7.90544176101685,0,6.03787088394165,7.66669034957886,0,0,0,0,0,0,0,5.14749431610107,0,8.02224063873291,0,0,0,6.4457197189331,7.67740058898926,10.4950723648071,8.34045600891113,5.30826759338379,5.0434250831604,9.08511734008789,5.6698808670044,8.79527950286865,8.64611434936523,7.34601020812988,4.33073329925537,0,0,0,1.7917594909668,4.70953035354614,0,0,0,0,0,0,0,2.0794415473938,0,0,0,0,0,0,0,0
0,0,0,0,0,0,2.39789533615112,0,0,0,0,0,0,0,0,0,0,0,0,0,0,0,0,0,0,0,0,0,0,0,0,0,0,0,0,0,0,0,0,0,0,0,0,0,0,0,0,NA,3.78418970108032,10.1046304702759,0,0,0,0,0,0,0,0,0,0,0,0,0,0,0,0,0,0,0,0,0,0,0,0,0,0,0,0,0,0,0,0,0,0,0,0,12.9834003448486,0,2.56494927406311,0,0,0,0,0,0,0,7.76853322982788,1.94591009616852,0,5.37063789367676,0,0,0,0,0,0,0,6.05678415298462,7.63094663619995,0,10.5625867843628,9.7884693145752,0,10.5497531890869,0,0,7.72444677352905,0,9.61360263824463,11.1515398025513,0,8.86149215698242,0,0,0,11.3957958221436,6.16120719909668,12.1769886016846,9.60433959960938,9.84966468811035,6.87523221969604,11.7245063781738,7.34923076629639,8.79512786865234,6.77764654159546,10.4701356887817,5.8141303062439,9.08851146697998,0,4.40671920776367,7.82763957977295,9.81367206573486,0,0,0,8.08978939056396,0,0,0,9.94869995117188,0,7.43838357925415,6.30261898040771,0,0,0,0,0
11.7828531265259,12.6369132995605,10.8383054733276,11.9051294326782,1.60943794250488,9.08477687835693,10.7280359268188,10.2262954711914,10.4904956817627,4.64439105987549,6.84588003158569,6.55393362045288,8.70566272735596,9.24038410186768,5.03695249557495,4.11087369918823,9.78352069854736,7.26822280883789,3.55534815788269,10.0310888290405,5.8200831413269,4.52178859710693,10.3378963470459,8.39094924926758,9.27865314483643,8.68219947814941,8.33399105072021,6.96224355697632,8.42858028411865,9.47730922698975,5.75257253646851,7.35179996490479,9.20823860168457,8.44117546081543,10.3157300949097,6.8351845741272,9.6575870513916,7.15461540222168,9.73341083526611,5.15329170227051,5.38907194137573,7.85748100280762,9.68545627593994,8.29604721069336,8.53621101379395,9.875807762146,8.57715892791748,9.80719661712646,NA,18.3298416137695,10.4790048599243,9.18972969055176,10.385666847229,8.63870239257812,13.1013584136963,11.4937829971313,12.3623962402344,10.6917171478271,13.2129592895508,7.11151218414307,10.7457008361816,10.0092878341675,11.9968137741089,10.0312213897705,8.93656158447266,10.2631177902222,8.87570667266846,9.93285179138184,10.1827087402344,10.8444709777832,8.04622936248779,11.4582681655884,10.935604095459,7.81762552261353,9.78532314300537,11.7330808639526,9.23395919799805,10.5054235458374,11.0740480422974,7.70481204986572,8.49637794494629,5.71702766418457,8.31483173370361,9.45383548736572,6.84906625747681,11.4452247619629,15.9098472595215,8.694167137146,8.58166885375977,12.5127811431885,12.6675710678101,9.22226905822754,9.44643974304199,8.71669960021973,9.20522689819336,8.48858833312988,12.2885694503784,7.86557197570801,10.3282318115234,11.9491910934448,9.26511287689209,5.92425584793091,10.9932441711426,2.63905739784241,7.8508825302124,5.58349609375,0,9.31955337524414,13.7162256240845,12.5323829650879,12.5740852355957,14.222936630249,7.07157325744629,12.2144870758057,4.65396022796631,6.05678415298462,10.7888031005859,12.2165279388428,12.4844274520874,12.6133756637573,13.6220703125,13.7898359298706,7.42117738723755,0,7.83991956710815,13.6298217773438,11.7188329696655,14.1232175827026,14.5359621047974,11.1750583648682,11.7466526031494,13.8621120452881,13.6427021026611,11.9293041229248,12.7591066360474,15.050835609436,12.008547782898,12.156982421875,8.98143005371094,13.132381439209,12.770471572876,13.3339395523071,8.00503349304199,6.83947658538818,9.36537647247314,9.73648834228516,8.87472820281982,9.49401473999023,10.6011247634888,10.2108249664307,13.3418636322021,13.744384765625,12.0046291351318,0,7.53955888748169,5.74620342254639,8.1065149307251,10.2631883621216
14.426643371582,13.8924579620361,7.44307851791382,12.952618598938,2.30258512496948,11.3751678466797,12.3020830154419,14.5552244186401,10.8811368942261,7.68109893798828,10.5421781539917,9.47208881378174,10.8181371688843,11.5637702941895,6.76734304428101,5.23110866546631,11.7857503890991,9.84918975830078,5.36129236221313,11.2092761993408,7.96450328826904,9.31009483337402,11.7927894592285,10.6698150634766,11.3548440933228,11.8732261657715,11.5706186294556,8.97017765045166,9.62582206726074,9.34862327575684,9.51051902770996,9.49664688110352,10.6924676895142,9.22552490234375,13.1811418533325,9.15809917449951,7.40974187850952,7.86172723770142,11.1965560913086,11.1947154998779,10.2014789581299,10.0180206298828,11.7769117355347,10.3193979263306,10.120210647583,10.3436441421509,9.35824298858643,10.8876800537109,18.1724338531494,NA,12.845006942749,9.48978900909424,13.9398832321167,12.073431968689,15.5461015701294,14.2969570159912,14.5764961242676,13.5290822982788,17.0567779541016,12.0397882461548,13.510425567627,12.1487398147583,15.0962753295898,13.794771194458,13.2510032653809,13.4805107116699,13.1699199676514,9.36828422546387,13.62619972229,12.4701547622681,12.2826910018921,7.96032381057739,14.3819618225098,11.3310194015503,13.1307125091553,13.9610738754272,13.0240182876587,12.893744468689,13.5082197189331,10.8015327453613,11.9216384887695,12.3088092803955,11.3344202041626,13.4407749176025,11.9058856964111,14.8473682403564,17.6616973876953,13.169469833374,11.7961549758911,11.0721235275269,14.045672416687,12.7135257720947,13.6879749298096,11.5159511566162,12.2167701721191,11.5896825790405,15.1485843658447,11.8235521316528,14.1004600524902,14.6197528839111,11.3425521850586,8.54364013671875,12.6235847473145,5.98141431808472,11.1259241104126,8.52753925323486,3.61091780662537,11.6599216461182,15.6827878952026,14.7923736572266,14.4330348968506,16.5131874084473,5.89440298080444,15.0513381958008,7.98104953765869,8.5878381729126,13.9632997512817,14.6822547912598,15.8579769134521,14.7757959365845,16.3177547454834,15.7755565643311,2.56494927406311,3.178053855896,9.3348560333252,15.6610450744629,14.2751350402832,16.4455032348633,16.7802867889404,13.4797143936157,14.8475246429443,15.9147157669067,16.0792388916016,13.8190717697144,15.6304054260254,16.9287624359131,14.0128765106201,14.1916275024414,12.1406593322754,14.3209943771362,15.193998336792,15.2864246368408,10.9177942276001,8.64135551452637,12.1762933731079,11.9271192550659,12.1598978042603,12.7431621551514,12.0249223709106,13.434344291687,15.3375854492188,15.965539932251,14.1436681747437,8.74608039855957,10.3270874023438,10.0518217086792,11.892560005188,11.782509803772
0,0,0,0,0,0,4.04305124282837,0,0,0,0,0,0,0,0,0,0,0,0,0,0,0,0,0,0,0,0,0,0,0,0,0,0,0,0,0,0,0,0,1.94591009616852,0,0,0,0,0,0,0,0,7.8682541847229,9.28051948547363,NA,0,0,0,7.66996192932129,0,8.65869235992432,4.66343927383423,7.27931880950928,0,5.11799383163452,0,4.91998100280762,5.86646795272827,4.45434713363647,0,6.86380338668823,2.30258512496948,0,6.1944055557251,0,0,0,0,0,4.36944770812988,5.51342868804932,0,2.56494927406311,0,2.19722461700439,0,0,0,0,0,5.66642665863037,0,0,0,0,0,0,0,0,0,0,0,0,0,0,0,0,0,0,0,0,0,0,0,0,5.14166355133057,0,0,0,0,6.26909637451172,0,4.07753753662109,8.31483173370361,0,3.8712010383606,0,0,0,3.66356158256531,8.87961196899414,2.63905739784241,5.42495012283325,0,1.60943794250488,9.49303531646729,5.03043794631958,5.57215404510498,7.26891994476318,9.18972969055176,4.81218433380127,0,3.465735912323,9.99003219604492,9.40828895568848,13.3036642074585,5.13579845428467,0,0,0,0,8.05006504058838,0,4.02535152435303,0,5.13579845428467,4.67282867431641,0,0,0,0,0
0,0,0,0,0,0,0,0,0,0,0,0,0,0,0,0,0,0,0,0,0,0,0,0,0,0,0,0,0,0,0,0,0,0,0,0,0,0,0,0,0,0,0,0,0,0,0,0,3.21887588500977,0,0,NA,0,0,0,0,0,0,0,0,0,0,0,0,0,0,0,0,0,0,0,0,0,0,0,0,0,0,0,0,0,0,0,0,0,0,9.25922584533691,0,0,0,0,0,0,0,0,0,0,0,0,0,0,0,0,0,0,0,0,0,0,0,0,0,0,0,0,0,0,0,0,0,0,0,0,0,0,8.38662910461426,12.5993871688843,8.70250988006592,10.7256650924683,0,0,0,0,8.37470722198486,5.61312818527222,8.66336917877197,0,8.1303539276123,0,7.946617603302,8.57300662994385,0,0,0,0,0,0,0,0,0,0,0,0,0,0,0,0,0
11.2994594573975,10.6018962860107,7.57147359848022,9.21104049682617,0,6.51471281051636,9.99624919891357,9.63305568695068,5.7397928237915,5.29831743240356,0,7.17242479324341,8.6638879776001,10.378945350647,0,0,8.12088584899902,3.43398714065552,0,5.21493577957153,0,0,4.49980974197388,3.49650764465332,8.06148719787598,8.07340335845947,4.82028150558472,5.07517385482788,0,0,5.76205158233643,9.08386993408203,2.4849066734314,0,8.95815372467041,6.48920488357544,0,0,6.03787088394165,2.83321332931519,3.85014748573303,0,5.68697547912598,6.44094657897949,5.03695249557495,5.51745271682739,6.24804306030273,0,11.2816114425659,14.1207113265991,3.68887948989868,0,NA,11.1877765655518,14.0163278579712,12.8345184326172,11.6185817718506,10.5206985473633,11.935751914978,11.3707628250122,12.0465488433838,12.1340074539185,11.5282964706421,9.31865692138672,8.71522426605225,9.4142599105835,7.84932374954224,9.03288650512695,7.08002662658691,6.98841333389282,0,12.1923484802246,9.58052349090576,6.94119024276733,7.30586004257202,9.11811542510986,7.85902690887451,7.67368793487549,9.01724052429199,0,4.73619842529297,0,3.55534815788269,9.19115734100342,6.96129608154297,10.7409086227417,12.6433982849121,0,7.58426475524902,12.670768737793,8.50289154052734,7.55642795562744,6.4645881652832,7.49220323562622,8.03268527984619,8.29779243469238,8.58727836608887,9.21492958068848,8.39953517913818,11.4645853042603,4.66343927383423,3.49650764465332,10.3006181716919,0,5.98141431808472,2.63905739784241,4.94164228439331,5.72031164169312,11.0189733505249,11.0082139968872,9.43635940551758,10.8688163757324,0,9.74501895904541,0,0,8.46758270263672,9.84352493286133,10.4208221435547,10.8514709472656,11.4412794113159,13.0369100570679,7.28961038589478,5.50938844680786,4.09434461593628,12.5296478271484,11.3050155639648,12.4953374862671,13.4801807403564,10.4358491897583,8.31311702728271,12.8286657333374,13.0516595840454,10.7080869674683,12.4645366668701,11.8239183425903,8.52377128601074,9.83215236663818,2.70805025100708,9.78807640075684,10.3838129043579,10.678952217102,8.5714921951294,8.39140319824219,11.3478736877441,10.1363439559937,8.22067260742188,9.3330888748169,3.97029185295105,8.05070304870605,13.6979169845581,11.6725664138794,9.55655097961426,0,0,4.24849510192871,0,2.56494927406311
0,0,0,0,0,0,0,0,0,0,0,0,0,0,0,0,0,0,0,1.60943794250488,0,0,0,0,0,0,0,0,0,0,0,0,0,0,0,0,0,0,0,0,0,0,0,0,0,0,0,0,8.17301177978516,11.9040279388428,0,0,12.4077272415161,NA,10.9595050811768,9.99902534484863,8.72225379943848,5.6698808670044,8.53836727142334,6.48920488357544,10.6099700927734,6.85751390457153,6.39024066925049,7.11720561981201,0,4.06044292449951,4.11087369918823,0,0,0,0,0,0,2.70805025100708,0,0,0,8.32579040527344,0,0,0,0,0,4.54329490661621,0,0,8.06432151794434,0,0,0,0,0,0,0,4.60517024993896,0,0,0,4.14313459396362,0,0,0,0,0,0,0,0,0,0,4.60517024993896,0,6.28039598464966,0,9.13680171966553,0,0,0,0,0,0,6.32972097396851,0,0,0,0,10.9312477111816,4.14313459396362,10.8066120147705,10.6292715072632,0,0,9.20883941650391,7.48493051528931,5.75890159606934,8.17301177978516,11.3912773132324,8.11581993103027,0,0,0,4.00733327865601,9.22088432312012,0,0,0,6.33505439758301,0,0,9.60184192657471,0,0,4.61512041091919,0,0,0,0,0,0
12.1909332275391,11.5302839279175,9.8219518661499,11.4972534179688,0,8.46062278747559,10.25403881073,11.7907619476318,10.702389717102,7.2363395690918,5.27811479568481,9.10364532470703,8.45956420898438,12.2762889862061,8.28551292419434,5.47646331787109,10.2989025115967,8.76420974731445,6.36302804946899,9.53950023651123,2.0794415473938,8.97638893127441,10.7971439361572,10.5866603851318,10.8348245620728,9.4053316116333,9.73293685913086,8.45765590667725,7.10167598724365,7.41697978973389,8.6355094909668,8.1961612701416,10.3236446380615,7.45760917663574,11.8670625686646,10.4391031265259,7.796058177948,5.61312818527222,10.303638458252,5.5012583732605,8.23509502410889,7.29776811599731,8.62317371368408,8.04398441314697,7.31255340576172,7.70571279525757,7.77233171463013,8.88419437408447,13.7691040039062,15.9985303878784,7.2492151260376,3.76120018959045,13.5060691833496,12.0637369155884,NA,13.4921913146973,12.3462038040161,12.1005563735962,12.7606439590454,12.5971612930298,11.9694128036499,12.8682661056519,12.9316673278809,11.2159061431885,9.55994033813477,11.4682626724243,10.0838489532471,9.80339050292969,9.5931510925293,9.45641899108887,8.18535041809082,11.0905380249023,11.4781789779663,12.430323600769,9.51214694976807,12.1912784576416,9.80587482452393,10.8952941894531,10.5988826751709,2.30258512496948,7.00488185882568,8.57281684875488,8.77709293365479,10.4761610031128,10.1455316543579,10.4266767501831,14.747633934021,10.074031829834,10.8679208755493,12.4476337432861,12.4594392776489,10.1641969680786,10.6245899200439,10.5557346343994,8.61920833587646,10.3043088912964,12.2011861801147,9.23063278198242,11.2440385818481,11.8552379608154,9.3452205657959,7.46965408325195,11.0663261413574,6.29526615142822,6.76619148254395,4.1588830947876,0,8.82379531860352,12.7229862213135,12.2201528549194,12.4822378158569,13.2098226547241,0,12.266640663147,0,7.8312201499939,10.9437818527222,12.5174798965454,12.4231462478638,12.4125213623047,13.100154876709,13.5203609466553,8.16194534301758,0,6.39191722869873,13.3150901794434,11.6336107254028,14.436354637146,14.7962045669556,11.8946237564087,10.852536201477,14.2317218780518,14.1156578063965,12.6327743530273,13.6871528625488,13.981448173523,11.8804121017456,11.7301635742188,7.54960918426514,11.9284858703613,12.4601755142212,12.2303314208984,8.28652095794678,3.7376697063446,11.1975021362305,11.6060609817505,11.5777387619019,12.0255813598633,10.1367797851562,11.7977209091187,12.2203598022461,12.6446599960327,10.6444721221924,5.75257253646851,5.86646795272827,0,8.79315662384033,7.76937866210938
11.2768106460571,0,8.19450569152832,8.83258724212646,0,4.94876003265381,8.74385070800781,9.99360275268555,0,0,7.20934009552002,2.0794415473938,6.7226300239563,8.7760124206543,4.29045963287354,0,4.76217412948608,0,0,0,5.55295944213867,2.56494927406311,0,3.55534815788269,2.4849066734314,0,0,2.7725887298584,0,2.0794415473938,4.46590805053711,3.465735912323,3.09104251861572,0,4.70048046112061,0,0,0,3.465735912323,0,2.56494927406311,0,2.0794415473938,2.7725887298584,0,0,0,0,11.3595180511475,14.2219457626343,0,0,11.6629734039307,10.792818069458,13.3035440444946,NA,11.3807306289673,10.3363733291626,10.7656602859497,9.68227958679199,10.8643884658813,9.9185733795166,10.5739803314209,8.84620952606201,6.22059011459351,7.76895618438721,5.50938844680786,5.06259489059448,8.12592697143555,5.7714409828186,0,0,8.99615669250488,0,4.92725372314453,4.70048046112061,4.29045963287354,6.88141107559204,4.70048046112061,0,0,1.94591009616852,4.53259944915771,8.81447887420654,4.77912330627441,7.43720626831055,14.0309600830078,7.41758060455322,7.79399919509888,0,8.35702419281006,3.66356158256531,8.95118141174316,5.25227355957031,6.8046145439148,7.83676481246948,10.5903902053833,0,9.99592971801758,10.6998224258423,0,0,6.91075086593628,0,4.31748819351196,0,4.52178859710693,8.05706024169922,10.2212867736816,10.6294651031494,10.3172845840454,12.4499320983887,0,9.85927486419678,0,0,4.92725372314453,9.94764804840088,10.5897359848022,10.0941495895386,12.9887657165527,11.7473649978638,5.0434250831604,0,1.7917594909668,11.9494371414185,8.72404479980469,13.2418937683105,13.5882234573364,10.529372215271,6.80239486694336,13.1244707107544,12.0982475280762,10.4997930526733,12.3866720199585,12.9258394241333,9.85172080993652,10.682559967041,0,8.97903823852539,11.5418434143066,8.8493709564209,0,0,0,0,9.72316360473633,8.19863986968994,5.08759641647339,10.8856220245361,0,10.691330909729,8.88654708862305,5.48893785476685,2.83321332931519,7.68248224258423,7.74673271179199,8.32409381866455
5.20948600769043,0,0,8.16137504577637,0,5.15905523300171,0,4.29045963287354,2.99573230743408,0,0,0,0,0,0,0,0,0,0,2.4849066734314,0,0,0,0,3.66356158256531,0,5.75890159606934,0,0,0,0,0,0,0,4.43081665039062,0,0,0,0,0,0,0,0,4.66343927383423,0,0,0,0,11.5106630325317,14.8205862045288,4.49980974197388,0,9.89469909667969,8.25088119506836,10.1060609817505,11.8871269226074,NA,10.9884738922119,10.1841068267822,6.23048162460327,11.2694644927979,7.06817197799683,12.0472412109375,10.0960893630981,8.41049861907959,9.37619400024414,9.66662502288818,8.14902400970459,10.3320827484131,6.37331962585449,5.12396383285522,10.146237373352,10.5370435714722,6.36647033691406,9.14131164550781,7.4610652923584,10.1327724456787,7.92371034622192,7.65064477920532,0,2.7725887298584,3.91202306747437,2.89037179946899,12.0809345245361,7.32383060455322,8.86120796203613,12.5203104019165,4.4188404083252,0,2.70805025100708,0,2.4849066734314,5.43372201919556,0,0,0,7.5283317565918,0,4.29045963287354,6.43935060501099,0,2.56494927406311,0,0,0,0,0,0,10.3286571502686,6.18208503723145,0,9.14023971557617,0,6.53813982009888,0,0,0,4.17438745498657,7.59990215301514,6.31173467636108,8.08794784545898,6.86275768280029,0,0,0,10.5256223678589,11.6636962890625,11.933765411377,13.3018140792847,6.08904504776001,9.50710582733154,11.4164257049561,12.1946125030518,9.80548858642578,11.6125984191895,11.5629529953003,9.95294380187988,10.915488243103,5.96614694595337,10.2412090301514,11.4160623550415,10.1382036209106,0,0,3.13549423217773,10.0567235946655,9.08896350860596,7.9157133102417,7.02553844451904,8.7846212387085,11.3007221221924,8.7013463973999,6.41673231124878,0,0,0,5.63121175765991,1.7917594909668
7.19593715667725,8.60886001586914,3.25809645652771,5.67675399780273,0,0,0,4.75359010696411,0,0,0,0,0,0,0,0,0,0,0,0,0,0,0,0,0,0,0,0,0,0,0,0,0,0,4.12713432312012,0,0,0,0,0,0,0,0,0,0,0,0,0,9.71956443786621,14.2684726715088,1.94591009616852,0,9.42698287963867,5.9506425857544,9.17843723297119,11.394850730896,10.776912689209,NA,9.8312931060791,4.58496761322021,11.793212890625,4.35670900344849,8.65956020355225,8.60024642944336,5.65599203109741,7.27862882614136,4.00733327865601,10.7107219696045,8.9550609588623,0,0,6.52062129974365,6.93439722061157,0,6.0591230392456,5.85507202148438,4.70048046112061,5.30330467224121,0,0,0,0,0,11.0719833374023,0,5.3132061958313,11.111252784729,0,0,0,0,0,0,5.37063789367676,0,0,9.6664981842041,0,0,6.55677843093872,0,0,0,0,0,0,0,0,5.81114101409912,0,5.74620342254639,11.0061416625977,0,5.13579845428467,0,0,0,0,0,7.15539646148682,10.8518772125244,0,0,0,0,8.8939847946167,6.16331481933594,9.87955379486084,11.3975820541382,0,4.04305124282837,10.3341979980469,8.66112041473389,8.13329410552979,10.7996778488159,9.5029354095459,9.23746871948242,8.65834522247314,0,0,7.02820158004761,8.64505863189697,0,0,0,8.00336265563965,7.72488832473755,4.67282867431641,0,8.97106742858887,8.34853744506836,7.65491724014282,9.18911647796631,0,0,0,2.99573230743408,0
5.81114101409912,8.65990734100342,4.02535152435303,9.30100345611572,0,5.01063537597656,10.5490713119507,8.17863845825195,4.04305124282837,5.5451774597168,4.43081665039062,5.17614984512329,2.63905739784241,6.77308034896851,0,1.60943794250488,0,0,3.63758611679077,8.23668575286865,0,0,5.76205158233643,3.61091780662537,7.80425119400024,5.85507202148438,9.22375011444092,0,2.99573230743408,0,0,0,3.49650764465332,3.7376697063446,5.7397928237915,6.1420373916626,0,0,0,0,0,0,10.025749206543,0,0,0,3.33220458030701,0,13.4447641372681,16.6946449279785,5.94279956817627,1.7917594909668,11.6346559524536,8.37930965423584,12.3235626220703,11.6138286590576,11.7207689285278,10.9000673294067,NA,8.10922527313232,10.8049488067627,11.0528879165649,11.1180143356323,11.4673004150391,11.4758777618408,11.5787878036499,11.0573291778564,9.29339408874512,10.9733572006226,5.89715385437012,11.8570890426636,11.2782907485962,11.6121549606323,4.30406522750854,7.16472053527832,11.3609504699707,8.87486743927002,7.00215578079224,8.50370216369629,0,9.46078777313232,3.63758611679077,4.29045963287354,11.1357412338257,3.80666255950928,12.2055225372314,14.175895690918,6.07304430007935,5.49716806411743,4.23410654067993,7.77317380905151,6.13122653961182,8.10167789459229,7.1459846496582,0,2.83321332931519,8.06589317321777,5.18178367614746,7.95331811904907,9.00944709777832,0,4.33073329925537,5.32300996780396,0,3.52636051177979,4.02535152435303,4.96284484863281,4.12713432312012,10.5557346343994,10.5497007369995,9.69116020202637,11.3372383117676,0,7.55590486526489,0,0,8.0494270324707,8.96495151519775,9.43436336517334,10.7265224456787,0,11.0312376022339,9.95778656005859,0,2.83321332931519,12.0041828155518,8.86573505401611,13.1417112350464,12.9494276046753,8.84721565246582,7.93200302124023,11.8945484161377,11.7019910812378,11.0728845596313,13.9448566436768,12.3777751922607,10.6227407455444,7.35946750640869,4.73619842529297,9.15239334106445,9.68446063995361,10.2288265228271,2.83321332931519,0,4.73619842529297,7.44658517837524,6.94601392745972,7.20117092132568,8.06085586547852,7.86672210693359,10.9152879714966,10.5277404785156,9.53126335144043,0,5.26785802841187,0,7.58832359313965,6.79794025421143
5.14749431610107,4.5643482208252,0,5.57594919204712,0,0,7.53422832489014,7.2063775062561,0,0,0,2.4849066734314,0,2.56494927406311,0,0,0,0,0,0,0,0,0,0,0,0,0,0,0,5.05624580383301,3.09104251861572,0,0,0,0,0,0,0,5.06890439987183,0,0,0,0,0,0,0,0,0,5.30826759338379,10.5336151123047,10.0592088699341,0,10.6733646392822,7.1731915473938,12.8105936050415,10.4548978805542,7.40792417526245,2.99573230743408,6.61606502532959,NA,7.48605251312256,9.30373954772949,4.72738790512085,4.4188404083252,0,4.75359010696411,0,0,10.2071409225464,0,0,0,0,0,0,5.91350317001343,0,7.8659553527832,4.63472890853882,0,0,0,8.05864334106445,10.6697454452515,0,7.31055021286011,8.12563133239746,0,0,0,0,0,0,6.82001638412476,0,3.76120018959045,5.49716806411743,0,0,6.31896829605103,0,0,0,0,0,0,0,0,6.22653675079346,3.21887588500977,4.8903489112854,9.04617309570312,0,0,0,0,0,4.70048046112061,7.1884126663208,0,9.5477409362793,0,0,0,0,10.9573469161987,7.00215578079224,9.41540145874023,10.8548173904419,6.2441668510437,6.81563997268677,10.4427261352539,11.3170928955078,10.1344804763794,11.6422595977783,9.52390956878662,5.85220241546631,0,0,0,0,8.63746166229248,0,5.6383547782898,0,0,0,1.94591009616852,0,5.20948600769043,0,0,0,0,0,0,0,0
8.72972011566162,9.77508544921875,0,7.76344633102417,0,0,4.91998100280762,0,6.43775177001953,0,0,0,0,2.0794415473938,0,0,6.32793664932251,1.60943794250488,0,0,0,0,5.50533151626587,0,6.34388065338135,5.39816284179688,0,0,0,4.53259944915771,0,0,0,0,6.9147310256958,0,0,0,0,0,0,0,0,0,0,0,0,0,11.0118026733398,13.5568199157715,5.27811479568481,0,9.23678779602051,9.643874168396,11.6334953308105,11.0488719940186,11.4721555709839,10.1948127746582,10.4794549942017,5.736572265625,NA,8.19588565826416,10.6433515548706,8.86714553833008,8.4601993560791,8.42770576477051,6.2934193611145,7.98207473754883,6.70073127746582,5.52545309066772,0,9.41727352142334,7.65917158126831,0,5.42934560775757,5.29330492019653,5.60947179794312,2.19722461700439,6.55961513519287,0,0,3.465735912323,0,9.05111026763916,0,6.41345882415771,12.7216024398804,0,4.09434461593628,9.82773971557617,3.21887588500977,1.60943794250488,0,7.37900829315186,3.43398714065552,0,4.95582723617554,5.35658645629883,4.24849510192871,7.1762547492981,0,0,6.53813982009888,0,0,0,0,4.70953035354614,9.47922134399414,7.1380729675293,6.97914505004883,10.6386156082153,4.78749179840088,7.34213161468506,0,0,8.57224941253662,9.2669095993042,6.89467000961304,6.57228231430054,11.4665775299072,11.3376550674438,6.76041460037231,0,0,11.5539331436157,9.0957145690918,11.1499166488647,12.5055618286133,4.18965482711792,7.58222913742065,11.9138803482056,10.7328033447266,9.54738426208496,10.5192680358887,11.5642738342285,8.84115886688232,7.43720626831055,0,8.1475772857666,9.82124614715576,9.59628295898438,2.30258512496948,0,9.7126293182373,9.04793930053711,9.37033081054688,7.88231468200684,0,10.3715200424194,11.7662725448608,8.17891979217529,6.81673574447632,0,0,0,3.29583692550659,0
8.08794784545898,0,6.58479118347168,0,0,0,0,8.64787006378174,7.55590486526489,0,0,6.38012266159058,7.78030300140381,6.17794418334961,0,0,5.68017244338989,0,0,0,0,0,0,1.60943794250488,5.81711101531982,5.42053508758545,0,0,0,0,1.7917594909668,0,0,0,2.70805025100708,0,0,0,4.9767336845398,0,0,0,0,7.42356824874878,0,0,0,0,9.67909336090088,12.1967239379883,3.33220458030701,0,11.314694404602,7.05012273788452,13.0957546234131,9.8109884262085,8.8456335067749,5.97380971908569,10.260217666626,8.72583198547363,8.73937606811523,NA,7.63094663619995,4.60517024993896,0,0,0,4.35670900344849,5.51342868804932,6.01859331130981,0,9.54709815979004,7.59488439559937,0,6.3543701171875,5.72031164169312,0,0,0,0,0,0,0,5.47646331787109,0,10.4321136474609,9.94010829925537,0,7.17930793762207,11.1052875518799,10.0678148269653,5.69709348678589,5.84932470321655,5.50533151626587,0,0,9.08896350860596,2.0794415473938,2.89037179946899,6.79905605316162,0,0,0,0,0,0,0,0,10.1431732177734,4.36944770812988,0,8.66215896606445,0,4.35670900344849,0,0,0,6.99025630950928,8.73584651947021,3.63758611679077,7.69575786590576,11.3285341262817,5.43807935714722,0,0,9.20069408416748,7.90211772918701,10.9500169754028,11.7048015594482,7.8062891960144,5.98393630981445,11.0251655578613,10.485424041748,8.03754329681396,9.96524047851562,11.128321647644,7.93272113800049,9.24358177185059,0,7.14045286178589,8.52218055725098,9.01590538024902,6.9137372970581,0,7.45066070556641,10.1206932067871,9.19349956512451,7.90211772918701,1.7917594909668,6.60258769989014,11.1630697250366,7.81278276443481,4.44265127182007,0,0,0,0,0
0,10.346794128418,8.68575382232666,4.62497282028198,0,3.52636051177979,0,5.18738603591919,0,0,0,8.1507568359375,0,0,0,0,0,0,0,0,0,0,0,0,0,3.40119743347168,0,0,0,0,0,0,0,0,0,0,0,0,6.12686920166016,0,0,0,0,6.505784034729,0,0,0,0,13.1557598114014,15.8002500534058,5.24174690246582,0,10.3244981765747,7.0003342628479,12.2443218231201,11.986011505127,12.536642074585,9.96246337890625,11.1795349121094,5.35185813903809,10.5790815353394,8.59211540222168,NA,11.8387479782104,11.0309143066406,10.8638525009155,10.8364191055298,6.41836500167847,7.8682541847229,8.70051383972168,5.11799383163452,10.3584728240967,10.8866519927979,9.14505481719971,8.78676223754883,11.7638473510742,13.9149751663208,11.2762155532837,10.3531932830811,3.80666255950928,0,1.7917594909668,7.94022798538208,10.3899183273315,8.2313756942749,5.62762117385864,13.1801986694336,0,0,0,8.58204460144043,3.465735912323,0,0,0,0,4.4188404083252,0,2.70805025100708,9.07107830047607,0,0,0,0,0,0,0,0,9.76961326599121,5.86078643798828,0,8.89604091644287,0,4.1588830947876,0,0,8.11342620849609,7.62997579574585,8.61413860321045,10.0199365615845,10.0001153945923,0,0,0,0,12.1924295425415,9.2874870300293,11.5726928710938,13.5874376296997,8.2150068283081,5.65248918533325,11.6970624923706,12.6041803359985,6.89264154434204,11.7197847366333,12.0147247314453,7.00669527053833,9.38630867004395,0,10.7132616043091,11.4664001464844,12.0566730499268,0,0,0,0,5.56068181991577,5.71042680740356,0,0,7.71556949615479,3.29583692550659,6.00141477584839,0,0,0,0,0
7.44833374023438,0,0,7.2909746170044,0,0,0,0,0,0,0,0,0,0,0,0,0,0,0,0,0,0,0,0,0,0,0,0,0,0,0,0,0,0,0,0,0,0,0,0,0,0,0,0,0,0,0,0,10.6061143875122,13.540548324585,6.92264366149902,0,8.33399105072021,6.51174545288086,7.53262376785278,5.45958566665649,8.69316101074219,8.56350421905518,8.46926307678223,2.0794415473938,4.80402088165283,3.09104251861572,8.15937519073486,NA,10.8674440383911,10.8986263275146,9.56549453735352,10.117226600647,6.99117708206177,7.02997303009033,7.32184982299805,6.8308744430542,8.97815608978271,5.9506425857544,7.54168319702148,8.6440019607544,7.420578956604,7.81035280227661,6.74993133544922,0,7.24494171142578,0,4.99721240997314,10.592677116394,5.01063537597656,6.87832641601562,9.4025297164917,4.82028150558472,0,0,0,0,3.52636051177979,6.97541379928589,7.49665260314941,0,4.43081665039062,0,0,3.52636051177979,0,0,0,0,0,0,0,0,6.39526176452637,4.54329490661621,0,7.99833536148071,0,0,0,0,6.86589097976685,6.5132303237915,4.96981334686279,7.55903816223145,8.48838233947754,0,0,0,0,9.14195442199707,7.97453308105469,10.2071781158447,12.0918731689453,5.61677122116089,8.32893371582031,11.2173585891724,10.3040409088135,8.55775928497314,8.73552513122559,10.5123014450073,9.09605121612549,10.0999174118042,5.64544677734375,7.30586004257202,9.67180728912354,9.81994247436523,3.68887948989868,5.18738603591919,0,7.84188604354858,7.96102142333984,6.76388502120972,4.35670900344849,6.47697257995605,9.35591125488281,6.98193454742432,6.08221912384033,0,0,0,0,0
0,0,0,0,0,0,0,0,0,0,0,0,0,0,0,0,0,0,0,0,0,0,0,0,0,0,0,0,0,0,0,0,0,0,0,0,0,0,0,0,0,0,0,0,0,0,0,0,9.95788097381592,12.182957649231,0,0,0,0,0,5.84354448318481,4.94164228439331,4.09434461593628,8.36590480804443,4.76217412948608,4.67282867431641,0,7.08422660827637,10.6392631530762,NA,11.4951181411743,9.59294605255127,8.29154682159424,1.7917594909668,3.40119743347168,0,0,8.17301177978516,0,5.23644208908081,4.70048046112061,8.39998531341553,0,3.55534815788269,0,7.8379487991333,0,0,8.57205963134766,0,0,9.69301319122314,0,0,0,0,0,0,0,0,0,0,0,0,0,0,0,0,0,0,0,0,0,5.91889381408691,0,0,0,0,0,0,0,0,3.71357202529907,0,0,4.54329490661621,0,0,0,0,5.45532131195068,1.94591009616852,6.25575017929077,11.5483989715576,0,0,5.37989711761475,8.4497709274292,0,5.37989711761475,8.0811653137207,2.19722461700439,2.4849066734314,0,0,5.89164400100708,4.8751974105835,0,0,0,0,0,0,0,0,0,0,0,0,0,0,0,0
6.20253562927246,7.85360479354858,0,6.44254016876221,0,0,2.19722461700439,7.90396547317505,0,0,0,0,0,0,0,0,0,0,0,0,0,0,0,0,0,0,0,0,0,0,0,0,0,0,0,0,0,0,0,0,0,0,0,0,0,0,0,0,9.56892395019531,12.6803483963013,0,0,2.83321332931519,3.25809645652771,0,3.68887948989868,7.57095861434937,9.63226890563965,10.5829162597656,0,3.49650764465332,0,0,10.9461822509766,11.5092792510986,NA,10.2846603393555,9.38353729248047,3.52636051177979,5.04985618591309,0,0,8.54519748687744,4.80402088165283,7.0817084312439,6.3526291847229,0,3.178053855896,7.89729642868042,0,7.28413486480713,0,7.69165658950806,9.49386405944824,3.82864141464233,6.16331481933594,10.0242443084717,0,4.31748819351196,0,7.86134195327759,7.86480379104614,8.09925079345703,5.92958927154541,5.95324325561523,4.48863649368286,9.34975433349609,5.85793304443359,0,6.73459148406982,0,0,0,0,0,0,0,0,6.71659469604492,0,1.7917594909668,8.14002418518066,0,0,0,2.89037179946899,6.34212160110474,5.3936276435852,7.51479959487915,3.09104251861572,8.26023387908936,0,4.36944770812988,0,0,9.03312587738037,7.00760078430176,8.76764011383057,11.0285310745239,4.40671920776367,0,10.2777376174927,9.52566146850586,7.06561326980591,8.15737056732178,8.52734184265137,7.89655256271362,9.0728006362915,6.04973363876343,6.99576616287231,9.03943347930908,8.68084144592285,0,0,0,7.60290050506592,6.17378616333008,0,0,6.73815250396729,9.93503475189209,6.12249279022217,0,0,0,0,0,0
5.76832103729248,0,0,8.19671249389648,0,0,0,6.65415239334106,0,0,0,0,0,0,0,0,0,0,0,0,0,0,0,0,0,0,0,0,0,0,0,0,0,0,3.68887948989868,0,0,0,0,0,0,0,0,0,0,0,0,0,8.81507301330566,13.1773700714111,0,0,0,0,7.46336317062378,0,7.22037363052368,0,6.80239486694336,0,0,0,5.99893665313721,8.91341590881348,10.0071268081665,10.0337696075439,NA,8.30177021026611,3.71357202529907,8.09101486206055,6.51174545288086,0,8.00936317443848,9.22926044464111,8.58578586578369,6.93634271621704,5.90808296203613,8.83185768127441,5.85507202148438,0,6.86275768280029,0,0,7.08590126037598,0,8.894944190979,11.5092687606812,0,0,0,0,7.29505634307861,5.50533151626587,7.58781719207764,6.32435894012451,3.89182019233704,8.81447887420654,0,6.43133115768433,0,0,0,0,0,0,0,0,0,5.69709348678589,5.56068181991577,0,8.56235790252686,0,7.14124488830566,0,0,0,0,4.76217412948608,0,5.70711040496826,4.51085948944092,9.44580745697021,0,0,10.9233093261719,6.02827835083008,8.90068531036377,11.6622333526611,0,5.78074359893799,10.414813041687,9.97822380065918,8.29229831695557,9.97301387786865,10.6378726959229,6.48463535308838,6.86066389083862,6.2934193611145,5.75257253646851,10.0143575668335,9.56022262573242,0,6.06610822677612,0,10.6108827590942,9.21860599517822,9.32607650756836,4.93447399139404,8.23323726654053,8.41560363769531,9.07027339935303,7.11882638931274,0,0,0,0,0
0,0,0,0,0,0,0,0,0,0,0,0,0,0,0,0,0,0,0,0,0,0,0,0,0,0,0,0,0,0,0,0,0,0,0,0,0,0,0,0,0,0,0,0,0,0,0,0,11.0798940658569,5.00394630432129,0,0,0,0,0,0,5.44673728942871,0,8.45829200744629,0,0,0,0,9.85350894927979,9.34136867523193,9.28544807434082,9.25893974304199,NA,0,0,0,9.58843421936035,3.49650764465332,3.36729574203491,0,3.61091780662537,0,0,0,0,3.71357202529907,0,0,8.95725250244141,0,0,9.71190357208252,0,0,0,0,0,0,0,0,0,0,0,0,0,0,0,0,0,0,0,0,0,0,0,0,0,0,0,0,0,0,0,0,0,7.91644287109375,8.41516017913818,0,0,0,8.47782802581787,5.03043794631958,8.38913249969482,10.7906579971313,0,0,6.57507562637329,8.42858028411865,8.57054424285889,9.19958305358887,6.90475082397461,6.62406539916992,0,0,0,5.32300996780396,0,0,0,6.65929412841797,6.02102327346802,0,7.11558198928833,0,0,9.35305404663086,0,0,0,0,0,0,0
0,0,0,0,0,0,0,0,0,0,0,0,0,0,0,0,0,0,0,0,0,0,0,0,0,0,0,0,0,0,0,0,0,0,0,0,0,0,7.86518812179565,1.60943794250488,0,0,0,0,0,0,0,0,10.2022581100464,13.0779514312744,0,0,5.03043794631958,0,9.86765289306641,4.82831382751465,4.14313459396362,5.64190721511841,9.01930046081543,0,3.43398714065552,0,4.8751974105835,4.83628177642822,5.04985618591309,2.4849066734314,4.91265487670898,0,NA,2.94443893432617,0,0,0,6.00141477584839,0,8.48755836486816,9.23024082183838,0,7.60290050506592,0,3.49650764465332,0,0,1.60943794250488,0,7.73017501831055,9.63279342651367,0,0,0,0,0,0,0,0,0,0,0,0,7.26961660385132,0,0,0,0,0,0,0,0,6.29710912704468,0,4.86753463745117,4.4188404083252,0,0,0,0,4.02535152435303,0,10.3439016342163,1.60943794250488,0,0,0,0,0,7.9412956237793,10.8018789291382,9.6003532409668,8.78048038482666,6.57646942138672,8.09101486206055,9.80719661712646,9.02147769927979,8.77369403839111,7.81682014465332,10.2718391418457,6.99393320083618,9.63443088531494,0,12.7516794204712,5.72358512878418,9.89121246337891,0,0,0,0,0,7.64539766311646,0,4.34380531311035,0,8.4819803237915,5.69373226165771,0,0,0,0,0
0,0,0,0,0,0,0,3.04452252388,0,0,0,0,0,0,0,0,0,0,0,0,0,0,0,0,0,2.89037179946899,0,0,0,0,0,0,0,0,0,0,0,0,0,0,0,0,0,0,0,0,0,0,8.67658710479736,10.6773614883423,6.32435894012451,0,0,2.70805025100708,4.58496761322021,0,2.7725887298584,0,3.76120018959045,0,0,1.94591009616852,4.38202667236328,2.70805025100708,0,2.99573230743408,0,0,6.81673574447632,NA,0,0,3.29583692550659,6.36990118026733,6.10479307174683,8.99044132232666,5.79301357269287,10.4281272888184,9.86656379699707,0,6.16331481933594,4.49980974197388,7.5304799079895,4.29045963287354,4.38202667236328,0,7.47873497009277,0,0,0,0,0,0,0,0,0,0,0,3.36729574203491,2.94443893432617,0,0,0,0,0,0,0,0,3.78418970108032,0,0,3.09104251861572,0,0,0,0,0,2.56494927406311,2.56494927406311,0,0,0,0,0,0,5.77455139160156,6.12686920166016,5.30826759338379,6.34035921096802,0,0,5.85220241546631,5.49716806411743,5.82894563674927,5.08759641647339,10.2082481384277,0,4.70048046112061,0,0,6.13556480407715,5.98141431808472,0,0,0,0,0,0,0,0,0,4.54329490661621,0,0,0,0,0,0
0,0,0,0,0,0,0,0,0,0,0,0,0,0,0,0,0,0,0,0,0,0,0,0,0,0,0,0,0,0,0,0,0,0,0,0,0,0,0,0,0,0,0,4.4188404083252,0,0,0,0,3.36729574203491,10.7981052398682,0,0,0,0,9.58713150024414,0,0,0,9.89932918548584,0,0,0,0,0,0,0,0,3.93182563781738,0,0,NA,8.07527160644531,0,0,0,5.24174690246582,0,1.94591009616852,0,0,0,0,0,0,0,0,8.42002105712891,0,0,0,0,0,0,0,0,0,0,0,0,0,0,0,0,0,0,0,0,0,0,0,0,0,0,0,0,0,0,0,0,0,0,0,0,0,0,0,6.03068542480469,7.25700283050537,6.73815250396729,0,4.65396022796631,7.78530502319336,5.33753824234009,6.62007331848145,6.4118185043335,9.99218463897705,5.88332223892212,0,0,6.38012266159058,0,4.48863649368286,0,0,0,0,0,0,0,0,0,8.54636383056641,0,0,0,0,0,0
0,11.298469543457,8.18507194519043,6.04025459289551,0,0,9.8237943649292,9.37576961517334,0,4.04305124282837,0,0,0,0,0,0,0,0,0,0,0,0,0,0,0,0,0,0,0,0,0,0,0,0,0,0,2.19722461700439,0,2.0794415473938,0,0,0,0,1.7917594909668,0,0,0,0,10.8685302734375,0,0,0,7.1891679763794,4.61512041091919,10.3341655731201,0,5.51342868804932,6.0935697555542,9.9689474105835,0,9.63397312164307,4.49980974197388,10.1723690032959,6.19847869873047,0,0,0,8.79936027526855,0,4.91998100280762,0,NA,0,7.56682825088501,0,0,0,0,3.8712010383606,0,0,4.85981225967407,0,5.23644208908081,0,0,11.8007249832153,0,5.99645185470581,0,0,5.58349609375,4.38202667236328,0,0,0,8.77183532714844,9.63272857666016,0,0,0,0,0,0,0,0,0,0,5.18178367614746,0,8.75605297088623,0,0,9.8464412689209,0,0,0,0,0,2.56494927406311,0,12.3225841522217,0,0,0,7.77022314071655,4.77912330627441,11.0226535797119,10.3093862533569,4.62497282028198,5.91350317001343,10.7076396942139,10.1716041564941,10.0204706192017,11.4219827651978,10.9379348754883,8.44869995117188,9.81410980224609,0,5.90808296203613,8.09925079345703,8.99887847900391,4.39444923400879,0,0,11.525318145752,9.2798662185669,9.59028244018555,11.6719532012939,8.46505737304688,0,6.70441436767578,3.04452252388,0,0,0,0,0
0,0,0,9.12391090393066,0,0,6.02102327346802,0,0,0,0,0,0,0,0,0,0,0,0,0,0,0,0,0,0,0,0,0,0,0,0,0,0,0,0,0,0,0,0,0,0,0,0,0,0,0,0,0,10.4457244873047,14.3570613861084,0,0,0,0,8.48156642913818,5.87211799621582,7.06817197799683,3.68887948989868,4.94876003265381,0,0,0,8.64276790618896,6.97354316711426,3.55534815788269,5.37989711761475,6.66568374633789,0,0,7.25629711151123,0,0,NA,7.91971969604492,0,8.59489440917969,6.82219743728638,6.57088279724121,7.21303176879883,0,3.80666255950928,0,0,6.27852153778076,0,0,10.7870273590088,0,2.0794415473938,0,0,0,0,0,0,0,0,0,0,1.7917594909668,0,0,0,0,0,0,0,2.30258512496948,5.17614984512329,0,0,0,0,0,0,0,4.35670900344849,0,0,5.68017244338989,0,0,0,0,0,10.5222072601318,4.83628177642822,10.1270313262939,10.5248966217041,6.0354814529419,4.49980974197388,10.1529226303101,7.97315549850464,6.93244791030884,10.5119476318359,9.8173303604126,4.62497282028198,10.3109836578369,0,2.94443893432617,9.59226417541504,7.86978387832642,2.83321332931519,0,0,0,0,0,0,5.38907194137573,0,5.03043794631958,0,0,0,0,0,0
0,0,0,0,0,0,0,0,0,0,0,0,0,0,0,0,0,0,0,0,0,0,0,5.12396383285522,0,0,0,0,0,0,0,0,0,0,0,0,3.58351898193359,0,0,0,0,0,0,0,0,0,0,0,6.40852880477905,7.90248727798462,0,0,0,0,0,0,0,0,0,0,0,0,5.59098720550537,0,0,0,0,0,0,3.68887948989868,0,0,5.08140420913696,NA,5.23110866546631,0,3.8712010383606,8.43010902404785,5.62762117385864,0,0,9.14846515655518,3.40119743347168,0,0,0,3.95124363899231,0,0,0,0,0,0,0,0,0,0,0,0,0,0,0,0,0,0,0,0,0,0,0,0,0,0,0,0,0,0,0,0,0,0,0,0,0,0,6.21260595321655,0,12.2842922210693,8.88627052307129,0,0,5.09375,4.59511995315552,8.84865283966064,3.09104251861572,7.28069734573364,1.94591009616852,0,0,0,3.8712010383606,3.91202306747437,0,0,0,0,0,0,0,0,0,0,0,0,0,0,4.52178859710693,0
0,0,0,0,0,0,0,0,0,0,0,0,0,0,0,0,0,0,0,0,2.70805025100708,0,0,0,0,0,0,0,0,0,0,0,0,0,0,0,0,0,0,0,0,0,0,0,0,0,0,0,9.27218818664551,12.8744869232178,0,0,0,0,2.19722461700439,0,3.09104251861572,0,6.47389078140259,0,0,0,2.83321332931519,5.14166355133057,3.66356158256531,6.09807443618774,0,0,0,4.55387687683105,0,0,0,5.87773561477661,NA,4.43081665039062,4.63472890853882,0,5.04985618591309,0,0,2.7725887298584,0,2.63905739784241,0,0,8.60006237030029,0,3.7376697063446,0,0,0,0,0,0,0,0,0,0,0,0,0,0,0,0,0,0,4.61512041091919,4.14313459396362,0,0,0,0,0,0,0,3.36729574203491,0,0,0,0,0,0,0,0,8.94806575775146,6.10255861282349,9.45454025268555,8.83258724212646,2.83321332931519,4.36944770812988,9.78891849517822,7.40367031097412,2.56494927406311,6.71417045593262,7.15461540222168,5.91889381408691,4.46590805053711,0,3.36729574203491,6.22257614135742,7.80016326904297,0,0,0,0,0,0,0,0,0,5.68697547912598,3.43398714065552,0,0,0,0,0
3.78418970108032,0,0,0,0,0,0,0,0,0,0,0,0,0,0,0,0,0,0,0,0,0,10.2235403060913,0,0,0,0,0,0,0,0,0,0,0,2.30258512496948,0,0,0,0,0,0,0,0,0,0,0,0,0,11.8916425704956,12.5993165969849,6.69703435897827,0,0,0,9.73204612731934,0,0,4.02535152435303,5.78382539749146,0,0,0,5.00394630432129,4.96284484863281,6.58755016326904,7.0483865737915,5.28320360183716,0,6.27476215362549,9.5743579864502,7.49108743667603,0,7.27862882614136,6.62936305999756,7.11558198928833,NA,5.85793304443359,9.51731014251709,10.4152030944824,4.20469284057617,8.95428657531738,5.63121175765991,7.99564361572266,6.80016994476318,7.72709465026855,0,9.22098350524902,0,0,0,0,0,0,0,0,0,0,0,0,0,0,0,4.84418725967407,0,0,0,0,0,5.68017244338989,4.09434461593628,2.70805025100708,2.0794415473938,0,0,0,0,0,0,4.20469284057617,0,0,3.76120018959045,0,0,0,3.55534815788269,5.20948600769043,10.5796155929565,9.10397911071777,2.0794415473938,0,5.53733444213867,11.1104307174683,0,6.53524112701416,11.8703413009644,5.40717172622681,3.61091780662537,2.94443893432617,10.4531106948853,9.37254428863525,5.92958927154541,0,0,0,0,0,0,0,7.03878355026245,11.7057504653931,5.97380971908569,7.7288556098938,0,0,0,0,0
0,0,0,0,0,0,3.09104251861572,5.42934560775757,0,0,0,4.55387687683105,0,0,0,0,0,0,0,0,0,6.2519040107727,0,8.33662986755371,0,0,8.9578971862793,0,0,0,0,0,0,0,8.93892574310303,0,0,0,8.88100242614746,0,0,0,0,8.5958194732666,0,0,0,0,9.85303592681885,13.1925830841064,9.59804916381836,0,7.6187424659729,0,6.09807443618774,9.7863359451294,9.80526828765869,0,10.1149225234985,0,7.72621250152588,6.42810535430908,10.9065980911255,10.0127458572388,0,9.19847011566162,10.6361675262451,0,10.6665573120117,10.0012035369873,0,9.58589553833008,11.4944353103638,10.8178367614746,10.663872718811,10.1251096725464,NA,9.19034194946289,9.95227813720703,0,9.13798427581787,6.59167385101318,10.3045425415039,10.4339685440063,9.49799728393555,0,10.9330892562866,0,0,0,0,0,0,0,0,0,0,6.45204877853394,0,0,0,0,0,0,0,0,0,0,6.18001651763916,7.17548990249634,0,0,0,0,0,0,0,0,8.79709529876709,7.06731986999512,2.7725887298584,0,0,0,0,7.31521844863892,0,3.97029185295105,9.63003730773926,0,0,11.2941598892212,10.2704200744629,0,5.97126197814941,9.47347354888916,0,0,0,0,7.76853322982788,2.83321332931519,0,0,0,0,0,0,0,0,0,6.18001651763916,0,0,0,0,0,0
0,0,0,0,0,0,2.30258512496948,0,0,0,0,0,0,0,0,0,0,0,0,0,0,0,0,0,0,0,0,0,0,0,0,0,0,0,0,0,0,0,2.63905739784241,0,0,0,0,5.65248918533325,0,0,0,0,8.30869197845459,11.9761686325073,0,0,5.82304573059082,0,6.47234630584717,5.46383190155029,8.95480251312256,0,8.20303058624268,0,3.40119743347168,0,9.05998229980469,3.85014748573303,0,0,0,0,0,9.64238262176514,2.19722461700439,0,0,8.21608829498291,0,10.0953884124756,6.19031524658203,NA,10.1669664382935,0,6.40357398986816,0,5.69035959243774,0,2.19722461700439,0,8.2480058670044,0,4.94876003265381,0,0,0,0,0,0,0,0,0,0,7.3192024230957,0,0,0,0,0,0,0,5.50533151626587,4.4188404083252,0,0,10.7585201263428,0,0,0,0,0,0,0,5.15329170227051,0,7.50988292694092,0,0,0,7.16472053527832,4.65396022796631,8.17188167572021,9.56008148193359,9.3248291015625,3.95124363899231,9.80603981018066,7.80506706237793,8.37839031219482,8.75131607055664,12.8532724380493,6.3526291847229,7.77401494979858,0,7.29437732696533,5.48893785476685,8.28500843048096,0,0,0,0,0,0,0,5.74939298629761,0,3.66356158256531,3.52636051177979,0,1.94591009616852,0,0,0
2.7725887298584,0,0,8.51499080657959,0,0,7.42117738723755,0,3.21887588500977,0,0,0,0,0,0,0,0,0,0,0,0,0,0,7.63530397415161,0,3.09104251861572,0,0,7.41216039657593,3.58351898193359,0,0,2.94443893432617,0,4.44265127182007,7.67182683944702,0,0,6.12468338012695,0,0,0,2.19722461700439,0,0,6.04973363876343,0,2.19722461700439,9.6566915512085,13.6809062957764,3.09104251861572,0,7.18083143234253,0,8.12266826629639,8.60447120666504,7.96658658981323,5.23644208908081,7.22620916366577,0,0,8.6891279220581,10.0891370773315,8.57489585876465,5.02388048171997,7.04664707183838,5.87493085861206,0,8.84505748748779,11.0313510894775,1.94591009616852,8.93181610107422,9.24551486968994,10.0103216171265,8.88391780853271,10.9907693862915,9.40327167510986,11.5233011245728,NA,3.13549423217773,7.53902721405029,10.462646484375,10.1652746200562,7.72267770767212,10.4735908508301,8.34260177612305,9.28637504577637,0,0,0,0,0,0,0,0,0,7.35308170318604,0,2.89037179946899,0,0,0,0,0,0,0,0,0,3.76120018959045,4.75359010696411,9.11975860595703,5.38907194137573,0,2.0794415473938,0,0,2.39789533615112,2.4849066734314,5.30330467224121,2.89037179946899,8.62819766998291,0,2.39789533615112,0,0,9.43428325653076,9.12576198577881,10.6284236907959,9.27209377288818,3.43398714065552,4.60517024993896,10.1609935760498,7.93343830108643,7.27100849151611,9.16638851165771,10.5681838989258,6.32614946365356,2.0794415473938,0,7.99260663986206,4.45434713363647,6.1717004776001,0,0,0,0,0,0,0,0,0,6.09131002426147,3.98898410797119,0,0,0,0,0
0,0,0,0,0,0,0,0,0,0,0,0,0,0,0,0,0,0,0,0,0,0,0,0,0,0,0,0,0,0,0,0,0,0,0,0,0,0,0,0,0,0,0,0,0,0,0,0,0,7.87283611297607,0,0,0,0,0,0,0,0,4.58496761322021,0,0,0,0,0,0,0,0,0,0,0,0,0,0,2.0794415473938,0,0,0,0,0,NA,1.94591009616852,0,0,0,0,0,0,0,0,0,0,0,0,0,0,0,0,0,0,0,0,0,0,0,0,0,0,0,0,0,0,0,0,0,0,0,0,0,0,0,0,0,0,0,0,0,1.60943794250488,6.04025459289551,0,0,0,4.8903489112854,1.7917594909668,0,0,4.77912330627441,0,0,0,0,0,4.14313459396362,0,0,0,0,0,0,0,0,0,0,0,0,0,0,0,0
2.39789533615112,0,0,0,0,0,0,0,0,0,0,0,0,0,0,0,0,0,0,0,0,0,0,0,0,0,0,0,0,0,0,0,0,0,0,0,0,0,0,0,0,0,0,0,0,0,0,0,8.2710371017456,10.8562068939209,0,0,0,0,0,0,0,0,10.0226030349731,0,0,0,0,0,5.53338956832886,4.8520302772522,7.58984136581421,0,0,6.44254016876221,2.63905739784241,0,0,0,0,8.70814418792725,5.14749431610107,4.79579067230225,7.76387119293213,0,NA,0,0,0,0,0,7.16858005523682,0,0,0,0,0,0,0,0,0,0,0,0,0,0,0,0,0,0,0,0,0,0,2.70805025100708,0,2.63905739784241,0,0,0,0,0,0,0,0,0,0,0,0,0,2.70805025100708,0,6.63987588882446,6.99209642410278,0,0,0,6.2934193611145,6.55108022689819,0,10.4513778686523,0,2.63905739784241,0,0,2.70805025100708,4.21950769424438,0,0,0,0,0,0,0,0,0,0,0,0,0,0,0,0
0,0,0,0,0,0,0,0,0,0,0,0,3.7376697063446,0,0,0,0,0,0,0,0,0,0,0,0,0,0,0,0,0,0,0,0,0,0,0,0,0,0,0,0,0,0,0,0,0,0,0,0,8.88377857208252,4.89784002304077,0,0,0,3.55534815788269,0,0,0,0,0,0,0,0,0,0,0,0,0,0,0,0,0,0,8.89521884918213,2.83321332931519,0,0,2.4849066734314,0,0,0,NA,6.96696710586548,0,3.8712010383606,0,6.91572332382202,0,3.95124363899231,0,0,0,0,0,0,0,0,0,0,0,0,0,0,0,0,0,0,0,0,0,0,0,0,0,0,0,0,0,0,0,0,0,0,0,0,2.70805025100708,4.20469284057617,10.2298374176025,6.89162588119507,0,0,7.54062175750732,8.26539325714111,0,8.11372566223145,7.39633512496948,0,0,0,1.60943794250488,2.7725887298584,1.7917594909668,0,0,0,0,0,0,0,0,0,0,0,0,0,0,0,0
0,0,0,6.1114673614502,0,0,0,0,0,0,0,0,0,0,0,0,0,0,0,0,0,0,0,0,0,0,0,0,0,0,0,0,0,0,0,0,0,0,0,3.49650764465332,0,0,0,0,0,0,0,0,9.73459529876709,11.0921840667725,0,0,0,0,4.04305124282837,6.57646942138672,3.09104251861572,6.07993316650391,6.78558778762817,0,5.99396133422852,0,9.29771041870117,0,0,0,0,0,0,8.04622936248779,0,8.05990791320801,0,5.72031164169312,0,8.25426864624023,4.59511995315552,5.70711040496826,7.83042573928833,0,3.80666255950928,2.7725887298584,NA,0,0,0,9.22246646881104,0,0,0,0,0,0,0,3.25809645652771,0,0,0,0,4.00733327865601,0,0,0,0,0,0,0,0,0,0,2.56494927406311,7.25981950759888,0,0,0,0,1.7917594909668,0,0,0,0,0,0,0,0,7.9366602897644,1.94591009616852,8.7884407043457,9.67809104919434,0,3.29583692550659,8.55602931976318,8.6832160949707,3.33220458030701,8.30523681640625,11.3991403579712,4.70048046112061,4.06044292449951,0,0,6.74170064926147,6.11809730529785,0,0,0,0,0,0,0,6.91274261474609,0,6.35784244537354,6.0354814529419,0,0,0,0,0
0,0,0,0,0,0,0,0,0,0,0,0,0,0,0,0,0,0,0,0,0,0,0,0,0,0,0,0,0,0,0,0,0,0,0,0,0,0,0,0,0,0,0,0,0,0,0,0,7.11232757568359,11.9860305786133,3.04452252388,0,3.76120018959045,6.04025459289551,8.50613212585449,5.26269006729126,9.02328777313232,7.0308575630188,9.87364673614502,6.0776424407959,8.14931297302246,5.73334121704102,9.22305870056152,10.0738210678101,7.6304612159729,7.30653142929077,8.20794677734375,8.2947998046875,4.86753463745117,2.4849066734314,0,5.84354448318481,6.50428819656372,3.09104251861572,8.10982608795166,8.57715892791748,8.01334285736084,6.25958156585693,1.7917594909668,0,4.00733327865601,0,7.7240047454834,NA,5.67332315444946,0,8.71899032592773,0,0,0,0,0,7.14361763000488,0,0,0,6.42324686050415,0,0,0,0,0,0,0,0,0,0,0,6.72982406616211,0,0,8.13885688781738,0,0,0,0,0,4.52178859710693,7.80425119400024,0,0,0,0,0,0,9.46738243103027,6.6253924369812,5.76832103729248,10.9027395248413,7.62364196777344,0,9.92652034759521,8.17835807800293,6.70808410644531,8.78400897979736,5.96614694595337,6.96885061264038,7.2004246711731,0,10.8935489654541,9.56465244293213,8.22469997406006,0,0,0,0,0,0,0,0,0,0,0,0,0,0,0,0
0,0,0,3.68887948989868,0,0,0,0,0,0,0,0,0,0,0,0,0,0,0,0,0,0,0,0,0,0,0,0,0,0,0,0,0,0,0,0,0,0,5.01727962493896,0,0,0,0,1.7917594909668,0,0,0,0,4.60517024993896,11.2483863830566,0,0,3.80666255950928,1.7917594909668,10.094479560852,1.7917594909668,0,0,2.19722461700439,0,0,0,0,3.40119743347168,0,0,0,4.5643482208252,0,0,0,0,0,8.51177883148193,0,5.43807935714722,5.99396133422852,3.178053855896,8.9158353805542,0,0,6.24027585983276,0,2.19722461700439,NA,3.71357202529907,9.78075504302979,0,0,0,0,0,0,0,0,0,0,0,0,0,0,0,0,0,0,0,0,0,5.36597585678101,0,0,0,0,0,0,0,3.33220458030701,0,0,4.39444923400879,0,0,0,0,0,4.70048046112061,1.7917594909668,9.63095664978027,10.7833013534546,0,4.00733327865601,7.20711898803711,11.5381450653076,0,5.55295944213867,10.1935796737671,5.89164400100708,0,0,12.062970161438,3.71357202529907,6.33505439758301,0,0,0,0,0,0,0,8.20958042144775,0,0,0,0,0,0,0,0
11.7860698699951,0,0,0,0,0,0,7.95612621307373,7.05272102355957,2.19722461700439,0,0,3.04452252388,0,0,0,7.84737205505371,0,4.02535152435303,0,0,0,7.07580900192261,6.91174745559692,7.21670961380005,9.36563301086426,6.71659469604492,0,3.49650764465332,3.43398714065552,0,7.53262376785278,0,7.37274646759033,9.93537330627441,0,7.14519596099854,0,1.7917594909668,0,7.92262363433838,0,0,4.02535152435303,0,6.36818695068359,0,7.21376848220825,11.6971788406372,15.0671262741089,4.67282867431641,0,9.58637714385986,6.57646942138672,10.6378965377808,10.0930738449097,9.43556213378906,9.70289993286133,9.40467262268066,8.60043048858643,7.70796155929565,8.2063102722168,10.9717092514038,8.31066131591797,3.178053855896,7.48099231719971,6.07073783874512,4.38202667236328,4.54329490661621,4.27666616439819,0,0,7.84659004211426,4.18965482711792,6.97073030471802,7.34471893310547,9.97016429901123,0,5.6594820022583,0,0,0,0,7.97831106185913,7.50439167022705,NA,13.5787496566772,0,9.92431926727295,0,0,0,0,0,0,0,0,0,0,11.0624103546143,0,0,0,0,0,3.52636051177979,0,7.7617449760437,13.1847276687622,9.27011775970459,0,10.5894594192505,0,0,0,3.71357202529907,0,10.7831764221191,11.3217525482178,11.4212045669556,11.6510601043701,0,0,0,4.51085948944092,13.1603078842163,10.3703927993774,13.1310653686523,13.258975982666,11.6620779037476,10.312180519104,13.0049276351929,12.8580932617188,10.007396697998,12.0981035232544,13.6061820983887,10.8673868179321,10.3951606750488,8.069655418396,10.7973489761353,11.1650123596191,12.2005825042725,3.40119743347168,0,9.21781253814697,8.1749849319458,9.47347354888916,9.83804225921631,8.84865283966064,10.111517906189,9.09121894836426,11.7295999526978,9.74343585968018,0,4.48863649368286,0,0,0
14.4307918548584,12.7219457626343,12.2545576095581,11.2214365005493,0,11.5164194107056,10.8613615036011,12.6772260665894,10.9113540649414,9.02389049530029,8.43337631225586,9.62304592132568,10.5047931671143,10.1612644195557,9.7806978225708,8.23482990264893,11.167896270752,9.32554244995117,5.98141431808472,10.9445762634277,9.16774559020996,8.85237884521484,11.0417528152466,9.07806491851807,11.1004505157471,12.3056287765503,13.4548921585083,10.0655212402344,10.0198917388916,8.96928787231445,8.65973377227783,11.3967170715332,10.6163396835327,9.7040605545044,12.5255479812622,8.08147525787354,10.4385766983032,10.451753616333,10.5583877563477,9.33750152587891,9.56766510009766,8.98469352722168,10.7854356765747,9.72004508972168,10.2736358642578,11.4646272659302,9.91061210632324,11.4294242858887,15.8722248077393,18.3930206298828,11.4171848297119,9.33617973327637,12.1447610855103,11.0583066940308,14.0786533355713,13.4618482589722,13.078221321106,11.912935256958,13.9732093811035,11.5937213897705,11.4156980514526,10.6128282546997,12.5232601165771,11.659818649292,10.7647304534912,11.412917137146,11.461537361145,10.3352375030518,12.6121978759766,10.5417556762695,8.65469169616699,10.8089799880981,12.0594444274902,11.1408615112305,10.3798151016235,11.1969127655029,10.7312746047974,10.7689476013184,10.1867475509644,3.63758611679077,8.83214950561523,9.49084663391113,9.20311450958252,14.6261768341064,9.2997236251831,12.815357208252,NA,11.9091348648071,12.371413230896,13.7704057693481,13.1390438079834,11.0189075469971,13.5197439193726,11.2052040100098,12.7267246246338,12.2962102890015,14.6989402770996,11.3057537078857,14.1105709075928,13.0396709442139,11.4655504226685,11.47829246521,12.7610292434692,9.34355926513672,11.3618936538696,11.6096076965332,8.22335910797119,12.4053745269775,16.2630767822266,14.5514850616455,15.0917520523071,16.6544494628906,10.1393890380859,15.3753004074097,9.09279441833496,10.7908229827881,13.7086668014526,14.7166795730591,16.0752372741699,15.7972707748413,16.5851268768311,16.0120544433594,12.2244529724121,8.92065620422363,12.0693473815918,14.6483764648438,13.7009878158569,15.7540845870972,16.6056976318359,13.4415893554688,13.7179088592529,14.9870157241821,14.976734161377,13.0714340209961,14.9077253341675,16.2440547943115,14.3382472991943,14.2638463973999,10.9632377624512,13.5471143722534,14.800271987915,14.809986114502,10.4442405700684,4.63472890853882,12.0447587966919,11.6052398681641,11.7534217834473,11.7810649871826,10.7286710739136,11.9701671600342,14.9766244888306,15.8695344924927,14.2082538604736,10.3801870346069,11.1327333450317,9.39773273468018,12.1902027130127,12.2526178359985
0,8.07059383392334,5.29831743240356,7.70165252685547,0,0,7.95577573776245,6.44413137435913,0,0,0,0,0,0,0,0,0,0,0,0,8.70864009857178,0,0,0,0,0,0,0,0,0,0,0,0,0,0,0,11.1316652297974,0,5.14749431610107,3.89182019233704,0,0,0,0,0,0,0,0,8.71620750427246,11.3922252655029,0,0,8.62622737884521,0,0,0,0,0,4.53259944915771,0,0,0,0,0,0,0,0,0,0,4.06044292449951,0,0,0,0,0,0,0,0,2.94443893432617,0,0,0,0,0,0,0,12.743203163147,NA,5.8051347732544,0,0,9.23376369476318,10.5607748031616,0,9.45868396759033,0,11.7562007904053,0,0,8.13827228546143,0,0,0,0,0,0,0,5.61312818527222,6.8426833152771,0,7.25134515762329,10.8973321914673,0,8.5167932510376,0,0,8.77678394317627,0,12.2637662887573,8.5535249710083,0,8.15478801727295,0,0,0,9.82439041137695,5.66642665863037,8.90815353393555,9.0664701461792,7.85399293899536,5.90536165237427,9.28182315826416,8.92983245849609,8.22335910797119,9.34862327575684,11.5102519989014,7.22402477264404,7.06133413314819,0,6.34212160110474,8.85437965393066,10.3662776947021,0,0,0,0,0,0,0,0,0,9.74817752838135,0,0,0,0,0,0
5.73009967803955,5.61677122116089,9.91985321044922,5.3936276435852,0,7.59337425231934,5.86929702758789,9.89671421051025,8.0891752243042,4.11087369918823,0,0,3.178053855896,5.1059455871582,0,0,6.47389078140259,0,0,5.02388048171997,3.40119743347168,0,5.00394630432129,0,0,5.52942895889282,5.51342868804932,3.66356158256531,0,0,0,0,2.94443893432617,4.09434461593628,6.08449935913086,0,0,4.76217412948608,2.70805025100708,0,5.42495012283325,4.39444923400879,3.71357202529907,0,2.99573230743408,5.06259489059448,0,5.23110866546631,7.21597480773926,9.54659843444824,3.97029185295105,0,0,0,1.60943794250488,3.8712010383606,0,0,5.03695249557495,0,0,0,4.30406522750854,0,0,0,0,0,3.8712010383606,2.19722461700439,0,1.7917594909668,2.83321332931519,0,3.68887948989868,0,0,4.61512041091919,0,0,0,0,0,7.56008052825928,0,9.12608909606934,8.49208068847656,8.29004192352295,NA,6.35957384109497,9.3188362121582,8.21093940734863,8.97575664520264,11.1572790145874,8.36030578613281,8.21256828308105,10.3864078521729,9.32776737213135,9.78672885894775,7.97796821594238,8.75004959106445,3.63758611679077,0,0,0,0,0,6.76388502120972,8.39072227478027,6.34388065338135,5.3844952583313,5.46806001663208,0,6.46769857406616,0,0,5.87773561477661,4.48863649368286,7.75961399078369,6.92264366149902,6.97166872024536,7.16084575653076,3.13549423217773,0,0,9.73352909088135,7.84932374954224,9.61540508270264,10.5631551742554,11.2161893844604,8.70334053039551,10.0124320983887,9.54380798339844,5.63478946685791,8.98769664764404,12.2113037109375,8.4320707321167,7.894690990448,3.178053855896,8.3811445236206,8.90109443664551,8.5426664352417,6.40852880477905,0,8.33254909515381,8.07371425628662,7.33888816833496,7.40427923202515,6.7707896232605,8.42288208007812,10.3749904632568,6.85012626647949,3.97029185295105,0,0,0,0,0
0,5.74939298629761,0,4.21950769424438,0,0,10.1646976470947,5.43372201919556,2.0794415473938,0,0,0,0,0,0,0,0,0,0,0,2.0794415473938,0,0,0,0,0,0,0,0,0,0,0,0,0,0,0,2.56494927406311,0,4.18965482711792,0,0,0,0,0,0,0,0,0,11.8356971740723,9.08489036560059,0,1.60943794250488,2.19722461700439,0,12.2138328552246,3.76120018959045,3.78418970108032,7.3505163192749,9.1775074005127,2.89037179946899,0,9.78058528900146,4.48863649368286,0,0,2.56494927406311,0,0,0,0,0,0,0,3.8712010383606,0,0,0,0,2.30258512496948,0,0,0,0,0,0,0,14.399001121521,0,7.93307971954346,NA,0,8.15708351135254,9.54845428466797,0,5.62762117385864,0,7.25559139251709,11.4332542419434,0,12.3607578277588,0,0,0,0,0,0,0,11.4761056900024,8.1696195602417,0,12.0964088439941,0,0,10.1105012893677,0,0,11.7576265335083,0,12.9109582901001,10.94020652771,0,10.6969327926636,0,0,0,13.9041299819946,8.80642414093018,13.8570117950439,13.346869468689,12.6597089767456,5.05624580383301,13.6038751602173,13.8804473876953,11.3498182296753,13.6283674240112,12.9241104125977,11.837100982666,7.8062891960144,4.35670900344849,7.86057090759277,12.0953702926636,10.7116804122925,4.8520302772522,0,0,7.5005292892456,6.74875974655151,10.1335668563843,13.8289546966553,11.3451452255249,0,9.06033134460449,6.51471281051636,0,3.7376697063446,0,0,0
0,7.61726760864258,3.71357202529907,12.8602266311646,0,0,11.1786403656006,10.1323347091675,0,0,0,0,0,0,0,0,0,0,0,0,6.27098846435547,0,0,0,0,0,0,0,0,0,0,0,0,0,0,0,0,0,2.56494927406311,0,0,0,0,0,0,0,0,0,10.8636417388916,14.7543268203735,0,0,0,0,14.1570997238159,0,2.0794415473938,0,0,0,3.43398714065552,0,0,0,0,2.30258512496948,0,0,0,0,0,0,0,0,0,0,0,0,0,0,0,0,0,8.60538673400879,0,0,14.0098171234131,0,11.2110900878906,0,NA,12.8193101882935,11.6497526168823,0,4.44265127182007,0,10.3137083053589,0,0,14.3161277770996,0,0,0,0,0,0,0,9.19786262512207,0,0,12.6074924468994,0,0,7.99530649185181,0,0,8.2945499420166,0,7.02642679214478,10.5764322280884,0,11.3509712219238,0,0,0,12.6050262451172,6.87212800979614,13.6561880111694,11.8994932174683,10.8305397033691,9.00491428375244,13.4212703704834,13.3893232345581,11.898717880249,13.3974523544312,11.4112911224365,6.04500532150269,2.94443893432617,0,5.53733444213867,10.5093050003052,6.90875482559204,4.02535152435303,0,0,6.95844841003418,7.72312021255493,11.8964519500732,10.9468336105347,13.2576599121094,0,5.03695249557495,0,0,1.60943794250488,0,0,0
0,7.26472997665405,7.01301574707031,4.83628177642822,0,8.06746292114258,8.24380874633789,9.81126308441162,0,0,0,2.7725887298584,2.94443893432617,0,0,0,0,0,0,9.99035263061523,0,0,0,0,0,4.00733327865601,0,2.63905739784241,0,0,0,0,0,0,5.02388048171997,0,0,0,3.52636051177979,0,0,6.61606502532959,7.60986232757568,0,0,2.63905739784241,0,0,7.46508264541626,10.0880565643311,0,0,0,0,5.20400667190552,2.83321332931519,0,0,0,0,0,0,0,0,0,3.43398714065552,0,7.33758783340454,0,0,0,0,0,0,0,0,0,0,0,0,0,0,0,0,0,0,10.3424844741821,9.19927978515625,6.51174545288086,0,12.3778848648071,NA,10.5808868408203,9.03288650512695,7.17011976242065,8.53404998779297,11.3577909469604,9.93803405761719,10.2368831634521,10.207953453064,9.13948822021484,0,9.21552658081055,0,0,0,0,6.48157691955566,2.89037179946899,12.0562200546265,10.7855386734009,9.88364219665527,0,9.59818458557129,0,0,9.46513748168945,7.43425750732422,7.3505163192749,2.83321332931519,9.92959403991699,9.85692024230957,0,0,0,6.93828439712524,3.8712010383606,10.7483253479004,9.02075290679932,7.64156436920166,0,9.46923732757568,7.78779697418213,5.3844952583313,6.71780490875244,10.1065511703491,4.94876003265381,0,0,3.8712010383606,5.47227048873901,9.3951587677002,2.94443893432617,0,7.45991468429565,8.21905708312988,4.20469284057617,10.0870170593262,10.0021553039551,10.4369058609009,5.30826759338379,7.91862869262695,6.18826389312744,0,0,0,0,0
0,7.65917158126831,0,11.3192920684814,0,0,9.78182792663574,8.45829200744629,0,0,0,0,0,0,0,0,0,0,0,0,0,0,0,0,0,0,0,0,0,0,0,0,0,0,0,0,0,0,0,10.2142753601074,0,0,0,0,0,0,0,0,6.48157691955566,13.8555479049683,0,0,6.0935697555542,0,12.3937339782715,0,3.78418970108032,0,0,5.08759641647339,0,0,0,0,0,0,0,0,0,0,0,0,0,0,0,0,0,0,0,0,0,0,0,0,0,0,14.6651859283447,0,3.465735912323,0,0,10.8579406738281,NA,0,9.2150297164917,0,11.8057222366333,10.4853677749634,0,11.296124458313,0,0,0,0,0,0,0,8.61848545074463,9.79127025604248,0,10.5702648162842,12.8524036407471,0,11.2958011627197,0,10.0044183731079,13.4955720901489,0,13.2634773254395,11.7671489715576,0,10.9595232009888,0,0,0,10.0999174118042,12.9763498306274,12.057276725769,11.9702367782593,11.1617641448975,2.39789533615112,13.1341400146484,13.9465446472168,10.0091981887817,11.5836353302002,12.4126234054565,9.33547401428223,1.94591009616852,0,9.3799991607666,9.32179260253906,7.23128700256348,0,0,0,0,6.3171648979187,0,11.8456048965454,6.66568374633789,0,11.3102827072144,0,0,2.0794415473938,0,0,0
0,7.21303176879883,10.0896348953247,8.06557941436768,0,0,7.98343992233276,9.49409008026123,1.94591009616852,4.02535152435303,0,0,0,0,0,0,0,0,0,0,5.25227355957031,0,0,0,0,0,0,0,0,0,0,0,0,0,0,0,0,0,6.75110149383545,0,0,0,0,4.76217412948608,0,0,0,0,8.1140251159668,10.3543720245361,0,0,0,1.94591009616852,0,3.76120018959045,0,0,2.0794415473938,0,0,0,2.89037179946899,0,0,0,0,0,0,0,0,0,0,4.80402088165283,0,0,0,0,0,0,0,2.56494927406311,0,0,0,0,8.73713207244873,0,8.64716815948486,0,0,9.3715238571167,10.4406824111938,NA,7.18235206604004,0,11.5054473876953,8.74608039855957,0,7.84031295776367,0,0,0,0,0,0,0,0,5.20400667190552,0,4.38202667236328,6.66695690155029,0,4.99043273925781,0,5.07517385482788,7.22110509872437,0,4.35670900344849,4.60517024993896,0,0,0,0,0,9.4328441619873,5.88887786865234,10.1080188751221,9.44793891906738,8.14380836486816,5.68697547912598,10.5076398849487,8.53621101379395,1.94591009616852,7.22983884811401,9.80056858062744,5.64544677734375,3.52636051177979,0,4.44265127182007,7.33758783340454,10.9060840606689,3.7376697063446,0,0,6.11589193344116,7.23921489715576,0,0,3.52636051177979,0,7.46221494674683,0,0,3.29583692550659,0,0,0
0,3.76120018959045,0,3.76120018959045,0,7.64156436920166,5.44241762161255,7.09589338302612,0,0,0,0,3.178053855896,0,3.80666255950928,0,2.83321332931519,0,0,0,4.14313459396362,0,2.70805025100708,0,0,5.11799383163452,0,0,0,0,0,0,0,0,4.4188404083252,0,0,0,0,0,0,0,0,0,0,7.45182228088379,0,0,5.05624580383301,11.663610458374,0,0,0,0,9.18533039093018,0,0,0,0,0,0,0,0,0,0,0,0,0,0,0,0,0,0,0,0,0,0,0,0,0,0,0,0,0,0,0,14.2397022247314,8.61122989654541,4.52178859710693,9.47570037841797,9.32179260253906,6.87109136581421,9.05695629119873,5.99645185470581,NA,8.70284271240234,10.6197166442871,3.95124363899231,12.3003644943237,3.25809645652771,8.89425849914551,0,3.97029185295105,0,4.68213129043579,0,0,6.99485015869141,7.68845558166504,8.60886001586914,0,13.9716367721558,0,3.78418970108032,0,2.0794415473938,6.62007331848145,5.12989854812622,12.0399827957153,10.9224071502686,12.7756052017212,11.8927440643311,0,0,0,8.14089870452881,4.59511995315552,10.2868776321411,7.09506416320801,6.23048162460327,2.4849066734314,8.49269580841064,8.69901466369629,1.94591009616852,3.76120018959045,10.4649591445923,2.7725887298584,0,0,0,10.4323787689209,5.45958566665649,0,0,2.4849066734314,0,0,0,0,4.52178859710693,0,9.30054664611816,9.11360931396484,0,0,0,0,0
0,0,0,0,0,0,6.8480052947998,7.0457763671875,0,0,0,0,0,0,0,0,0,0,0,0,4.8903489112854,0,0,0,0,0,0,0,0,0,0,0,0,0,0,0,0,0,0,0,0,0,0,2.4849066734314,0,0,0,0,0,10.947678565979,0,0,0,0,11.882342338562,0,2.39789533615112,0,6.8351845741272,0,4.67282867431641,0,8.77570343017578,0,0,0,0,0,0,0,0,0,0,9.1769905090332,0,0,0,0,0,0,0,0,0,0,0,0,14.2511978149414,0,0,0,0,9.2994499206543,10.7820768356323,0,9.1844072341919,NA,11.1889524459839,5.85220241546631,0,7.09174203872681,0,0,0,0,0,0,0,8.84779071807861,8.54110527038574,0,8.42485904693604,11.5232820510864,0,8.61540794372559,0,4.23410654067993,9.25339984893799,0,11.6415205001831,11.7547025680542,0,10.7069234848022,0,0,0,8.5243673324585,3.66356158256531,9.70222759246826,9.87745189666748,2.7725887298584,3.97029185295105,11.0034818649292,7.19668674468994,9.76675128936768,7.88457632064819,8.81299209594727,0,0,0,3.13549423217773,3.49650764465332,5.82894563674927,0,0,0,0,0,0,0,0,0,10.4844732284546,6.70441436767578,0,3.04452252388,0,0,0
0,10.4708728790283,4.60517024993896,10.1662359237671,0,0,10.4520139694214,10.5551872253418,3.98898410797119,0,0,0,0,0,0,0,0,0,0,0,9.01578426361084,0,0,0,0,0,0,0,0,0,0,0,0,0,0,0,6.37331962585449,0,8.43272399902344,0,0,0,0,4.5643482208252,0,0,0,0,10.190881729126,13.6588563919067,0,0,5.12396383285522,1.94591009616852,10.8204984664917,8.48838233947754,0,0,3.66356158256531,0,4.62497282028198,2.0794415473938,0,4.12713432312012,0,5.15905523300171,5.63121175765991,0,0,0,0,0,0,7.63626956939697,0,5.67332315444946,0,0,4.06044292449951,0,0,0,0,0,0,0,13.3677473068237,0,8.8880672454834,0,0,10.738112449646,12.2396955490112,0,10.7171249389648,0,NA,10.1592531204224,0,10.4921073913574,0,0,0,0,0,0,0,9.67802906036377,11.7070274353027,0,11.9908294677734,12.9790334701538,0,10.6088352203369,0,0,11.281623840332,0,13.3506183624268,11.6955137252808,0,11.1600437164307,0,0,0,11.3097314834595,8.39773368835449,12.1305570602417,11.7857503890991,9.52485942840576,6.8351845741272,12.5170001983643,11.2561988830566,9.68942737579346,12.0178070068359,11.2632837295532,9.79266738891602,10.4941034317017,0,9.53082847595215,10.8288373947144,10.4342632293701,4.30406522750854,0,0,0,0,0,10.3533525466919,9.56717491149902,0,11.6500492095947,10.5680294036865,0,5.23644208908081,0,0,0
0,8.9926815032959,9.45187377929688,3.36729574203491,0,7.50108194351196,10.0910453796387,0,0,0,0,0,0,0,0,0,0,0,0,0,2.94443893432617,0,7.88344621658325,5.56452035903931,7.49498605728149,0,0,0,0,0,0,0,0,0,3.82864141464233,0,0,0,3.178053855896,0,0,0,0,0,0,0,0,0,5.71702766418457,11.2243499755859,0,0,1.7917594909668,0,4.61512041091919,0,9.24696159362793,0,2.89037179946899,0,0,0,0,0,0,0,0,0,0,0,0,0,0,0,0,0,0,6.24610662460327,0,0,0,0,0,0,0,0,7.467942237854,7.67786359786987,8.32506370544434,11.7537755966187,0,10.4769220352173,9.55407238006592,11.8401260375977,5.75890159606934,10.3746156692505,12.0410861968994,NA,10.8662033081055,9.97487735748291,7.80506706237793,0,9.0189380645752,0,0,3.7376697063446,0,5.21493577957153,0,6.46146821975708,0,6.9546389579773,0,9.22434234619141,0,0,8.25945854187012,0,0,0,0,7.34536504745483,6.1420373916626,0,0,8.87192630767822,3.93182563781738,12.1995115280151,12.6615810394287,9.28693103790283,5.8051347732544,12.3448429107666,9.97240734100342,4.47733688354492,10.5605669021606,11.6083269119263,8.78676223754883,5.7899603843689,0,0,7.86901950836182,9.59458160400391,0,0,8.82570648193359,8.94949531555176,7.19067621231079,6.4118185043335,11.8624973297119,9.12096214294434,13.9198417663574,9.22187328338623,0,0,0,0,0,0
0,8.73600769042969,8.83927631378174,11.7446641921997,0,0,4.64439105987549,0,0,0,0,0,0,0,0,0,0,0,0,0,8.05197811126709,0,0,0,0,0,0,0,0,0,0,0,0,0,0,0,0,0,0,5.94803476333618,0,0,0,0,0,0,0,0,10.3282651901245,13.5105400085449,0,0,0,1.94591009616852,11.9793539047241,10.3314638137817,3.89182019233704,0,6.12249279022217,0,0,9.25607872009277,0,0,0,0,0,0,0,0,0,0,0,9.40508460998535,0,0,0,0,0,0,0,0,0,0,0,0,15.6157999038696,0,6.42648839950562,0,0,7.924072265625,11.3167524337769,0,13.2111043930054,0,11.8476963043213,8.11820697784424,NA,8.66699123382568,0,0,0,0,0,0,0,10.2432403564453,11.2868270874023,0,7.70571279525757,13.6629505157471,0,10.8511610031128,0,7.15851402282715,11.6159515380859,0,13.7080163955688,12.5644912719727,0,10.9918308258057,0,0,0,11.5884876251221,7.53208827972412,12.7413749694824,12.2211236953735,6.91274261474609,7.48493051528931,12.6698064804077,11.5107526779175,11.9221696853638,11.5555734634399,12.4521007537842,7.90617895126343,8.64505863189697,0,7.94873857498169,10.7504072189331,9.62205219268799,3.68887948989868,0,0,3.80666255950928,6.04973363876343,4.99043273925781,0,2.4849066734314,0,12.8962802886963,11.2171306610107,0,0,0,0,0
10.3813972473145,12.3988351821899,12.3535223007202,9.28656005859375,0,10.7067441940308,10.9697313308716,11.840630531311,6.1717004776001,0,0,5.08140420913696,5.12989854812622,7.37211799621582,4.40671920776367,0,2.0794415473938,6.45204877853394,0,8.80732250213623,8.55737495422363,3.68887948989868,6.50278997421265,4.18965482711792,8.71768188476562,7.16317224502563,5.62040090560913,5.3132061958313,0,3.25809645652771,5.91889381408691,4.12713432312012,0,4.88280200958252,8.32869243621826,0,0,3.52636051177979,6.46146821975708,2.56494927406311,5.5683445930481,6.39191722869873,7.11882638931274,5.50533151626587,6.47079944610596,6.22455835342407,4.47733688354492,4.64439105987549,11.0826501846313,13.8440599441528,0,0,6.91968393325806,3.61091780662537,9.76566123962402,6.2383246421814,6.94312238693237,4.99721240997314,6.96790933609009,3.36729574203491,4.95582723617554,6.71901321411133,7.83557939529419,4.20469284057617,3.09104251861572,5.69709348678589,3.29583692550659,0,0,4.14313459396362,0,0,3.29583692550659,6.83410882949829,5.46806001663208,6.80793476104736,4.43081665039062,6.54102993011475,6.59714555740356,0,0,0,0,8.42068195343018,3.43398714065552,10.16565990448,12.3411407470703,8.45062637329102,9.67526817321777,13.2706346511841,13.0397424697876,10.8103942871094,11.8810758590698,11.2823791503906,8.84721565246582,9.09245777130127,12.8319177627563,11.9826288223267,11.2249364852905,NA,8.61830425262451,7.92551898956299,10.2648267745972,0,0,0,0,8.6678524017334,10.039023399353,11.1279535293579,9.0452299118042,10.2284288406372,0,9.02689838409424,0,3.29583692550659,10.5050945281982,9.14088344573975,9.0829610824585,8.9136848449707,12.1517534255981,11.4009656906128,8.21824836730957,0,4.24849510192871,12.149359703064,10.854024887085,13.4999074935913,14.7049179077148,11.6691341400146,10.3263998031616,13.7786636352539,12.7515344619751,10.4043235778809,11.9649181365967,13.4932165145874,11.9500379562378,10.4412670135498,6.82871198654175,10.383843421936,11.5569229125977,11.860782623291,9.26255321502686,8.31090641021729,10.2248821258545,10.69690990448,10.0718793869019,10.6962537765503,10.6126308441162,11.2751502990723,13.4986553192139,10.6060647964478,8.99466896057129,0,0,0,0,0
0,0,0,8.0372200012207,0,0,1.7917594909668,6.60123014450073,0,0,0,0,0,0,0,0,0,0,0,0,6.81783056259155,0,0,0,0,0,0,0,0,0,0,0,0,0,0,0,0,0,0,0,0,0,0,0,0,0,0,0,6.29526615142822,12.5335254669189,0,0,0,0,0,0,0,0,4.77068471908569,0,0,0,0,0,0,0,0,0,0,0,0,5.76519107818604,0,0,0,0,0,0,2.0794415473938,0,0,0,0,0,0,0,11.8135261535645,0,2.99573230743408,0,0,0,0,0,1.7917594909668,0,10.3299961090088,6.95654535293579,0,5.57215404510498,NA,0,0,0,0,0,0,0,6.24222326278687,0,5.25227355957031,7.98514413833618,0,7.48042821884155,0,0,6.34913921356201,0,11.1485347747803,9.62977409362793,0,7.25063562393188,0,0,0,6.91075086593628,0,10.916088104248,12.9373559951782,4.38202667236328,0,12.0940732955933,8.41582489013672,5.60947179794312,6.02586603164673,9.2894287109375,10.5235261917114,2.0794415473938,0,0,0,9.39764976501465,0,0,0,0,2.56494927406311,0,0,0,0,9.3121747970581,0,0,0,0,0,0
0,0,0,2.63905739784241,0,0,0,2.30258512496948,0,5.86363124847412,0,0,0,0,0,0,0,0,0,0,0,0,0,0,0,0,0,0,0,0,0,0,0,0,0,0,0,0,0,0,0,0,0,0,0,0,0,0,5.17048406600952,8.49882507324219,0,3.68887948989868,0,0,0,4.64439105987549,3.21887588500977,0,2.83321332931519,0,0,0,0,0,0,0,0,0,0,0,0,0,0,0,0,0,0,0,1.7917594909668,0,0,0,0,0,0,0,7.5868034362793,0,4.09434461593628,0,0,6.9007306098938,5.32787609100342,0,0,0,8.3642749786377,3.85014748573303,0,3.8712010383606,0,NA,0,0,0,0,0,4.18965482711792,5.02388048171997,0,0,3.40119743347168,0,1.7917594909668,0,0,8.3059778213501,0,4.70953035354614,1.94591009616852,0,5.60211896896362,0,0,0,9.9845609664917,7.32514905929565,8.34260177612305,10.2135791778564,2.56494927406311,5.72358512878418,8.72972011566162,9.35746669769287,4.04305124282837,7.35244131088257,8.96775913238525,7.52671766281128,5.8021183013916,0,6.14632940292358,7.44775104522705,8.41294288635254,0,0,0,9.04121112823486,5.46383190155029,0,0,5.54126358032227,0,5.99396133422852,4.47733688354492,0,0,0,0,0
0,8.04334259033203,4.82831382751465,8.02191257476807,0,0,7.01301574707031,9.03586769104004,9.30583190917969,0,0,0,0,0,0,0,0,0,0,0,3.09104251861572,0,0,0,0,0,0,0,0,0,0,0,0,0,0,0,6.20253562927246,0,4.17438745498657,0,0,0,0,5.51745271682739,0,0,0,0,9.88175296783447,13.0704698562622,0,0,5.97380971908569,2.70805025100708,9.89817333221436,5.49716806411743,0,0,5.736572265625,0,6.21059989929199,7.47250080108643,0,0,5.24174690246582,6.56807804107666,0,0,0,3.85014748573303,0,0,0,4.12713432312012,0,2.70805025100708,0,0,3.76120018959045,0,2.56494927406311,0,0,0,0,0,11.1410646438599,0,4.94876003265381,0,0,5.5012583732605,7.6477861404419,0,6.75460386276245,0,6.24027585983276,8.46989154815674,0,9.23960781097412,0,0,NA,0,0,0,0,8.20849132537842,9.54301929473877,0,6.47697257995605,7.41637849807739,0,8.24117660522461,0,8.82644081115723,10.6971807479858,0,10.6210098266602,7.47420501708984,0,10.462646484375,0,0,0,10.7875232696533,9.0528678894043,10.9449825286865,11.373330116272,8.08209323883057,7.41758060455322,11.8065872192383,10.354022026062,8.00168991088867,9.53640174865723,11.3612880706787,7.79523515701294,7.99463224411011,3.49650764465332,9.02292633056641,9.63515090942383,7.70210456848145,0,0,0,7.75961399078369,4.51085948944092,8.73472118377686,0,8.39004135131836,0,9.7287769317627,8.20166015625,0,2.70805025100708,2.30258512496948,0,0
0,0,0,0,0,0,0,0,0,0,0,0,0,0,0,0,0,0,0,0,0,0,0,0,0,0,0,0,0,0,0,0,0,0,0,0,0,0,0,0,0,0,0,0,0,0,0,0,3.33220458030701,6.45676946640015,0,0,0,0,0,0,0,0,0,0,0,0,0,0,0,0,0,0,0,0,0,0,0,0,0,0,0,0,0,0,0,0,0,0,0,0,0,0,0,0,0,3.25809645652771,0,0,0,0,0,0,0,0,0,0,0,NA,0,0,0,0,0,0,0,0,0,0,0,6.01859331130981,5.90536165237427,0,0,0,0,0,0,0,0,3.61091780662537,0,0,0,1.60943794250488,0,0,3.66356158256531,0,3.09104251861572,6.2766432762146,3.21887588500977,0,0,0,3.49650764465332,7.08422660827637,0,0,0,0,0,0,0,0,0,0,0,0,0,0,0,0
0,0,0,0,0,0,0,0,0,0,0,0,0,0,0,0,0,0,0,0,0,0,0,0,0,0,0,0,0,0,0,0,0,0,0,0,0,0,0,0,0,0,0,0,0,0,0,0,3.85014748573303,11.2907810211182,0,0,0,4.44265127182007,0,0,4.07753753662109,0,7.41878080368042,0,3.8712010383606,0,0,0,0,0,0,0,0,0,0,0,0,1.94591009616852,0,0,0,0,2.89037179946899,0,0,1.7917594909668,0,0,0,0,13.8983764648438,0,1.60943794250488,0,0,0,0,0,0,0,3.76120018959045,0,0,0,0,0,0,0,NA,0,0,0,6.06145715713501,0,0,12.4135789871216,0,7.14361763000488,0,4.09434461593628,4.92725372314453,0,11.2235088348389,12.1383714675903,0,9.03300666809082,0,0,0,5.3844952583313,4.11087369918823,5.94542074203491,6.67834234237671,2.70805025100708,0,6.43775177001953,6.40852880477905,0,2.99573230743408,12.6263275146484,2.7725887298584,0,0,0,2.4849066734314,10.3428707122803,0,0,0,0,0,0,0,0,0,9.76898384094238,0,0,0,0,0,0
0,0,0,0,0,0,5.29330492019653,4.71849870681763,4.76217412948608,0,0,0,0,0,0,0,0,0,0,0,0,0,0,0,0,0,0,0,0,0,0,0,0,0,0,0,0,0,7.56008052825928,0,0,0,0,0,0,0,0,0,7.17242479324341,9.80565452575684,0,0,2.94443893432617,1.60943794250488,0,0,2.39789533615112,0,4.36944770812988,0,0,0,0,0,0,0,0,0,0,0,0,0,0,0,0,3.80666255950928,0,0,0,0,0,0,0,0,0,2.30258512496948,10.4347629547119,0,0,0,0,4.47733688354492,8.45467948913574,0,7.26472997665405,0,6.28785848617554,0,0,5.63121175765991,0,0,0,0,0,NA,0,8.3049898147583,9.97287368774414,0,7.30988168716431,8.10741901397705,0,9.46141052246094,0,2.7725887298584,8.54907894134521,0,10.6655778884888,11.3368444442749,0,11.7037858963013,0,0,0,7.63626956939697,8.18535041809082,8.04558849334717,9.06750869750977,3.63758611679077,3.25809645652771,8.34521770477295,8.26719188690186,0,7.5358304977417,8.64646530151367,5.89989757537842,7.30720233917236,3.04452252388,5.3132061958313,7.40184164047241,6.33327960968018,3.36729574203491,0,0,7.39326286315918,0,0,0,4.34380531311035,0,6.56103086471558,4.94876003265381,0,1.94591009616852,0,0,0
0,4.27666616439819,0,0,0,0,0,0,0,0,0,0,0,0,0,0,0,0,0,0,0,0,0,0,0,0,0,0,0,0,0,0,0,0,0,0,0,0,0,0,0,0,0,0,0,0,0,0,0,5.70378255844116,0,0,0,0,0,0,0,1.7917594909668,4.21950769424438,0,0,0,0,0,0,0,0,0,0,0,0,6.30627536773682,0,0,0,0,0,0,0,0,0,0,0,1.60943794250488,0,0,7.73630714416504,0,0,0,0,1.7917594909668,0,0,0,0,0,0,0,0,0,0,0,0,0,0,NA,0,0,0,2.56494927406311,0,0,8.95299339294434,0,0,4.8520302772522,0,0,8.14931297302246,0,6.91174745559692,0,0,0,0,0,5.01063537597656,5.94803476333618,0,0,4.20469284057617,2.99573230743408,0,3.61091780662537,5.88053321838379,2.70805025100708,0,0,0,2.7725887298584,0,0,0,0,7.36201047897339,6.38687944412231,4.99043273925781,0,4.09434461593628,0,0,0,0,0,0,0,0
9.51767826080322,0,9.75202465057373,7.45991468429565,0,2.83321332931519,2.0794415473938,11.0124959945679,2.39789533615112,0,0,0,0,0,0,0,0,0,0,7.9398717880249,4.72738790512085,3.40119743347168,4.81218433380127,2.83321332931519,4.99043273925781,8.79951095581055,5.73009967803955,1.7917594909668,0,1.60943794250488,3.71357202529907,6.32076835632324,3.95124363899231,0,2.19722461700439,0,3.29583692550659,0,2.94443893432617,4.60517024993896,4.20469284057617,5.95583724975586,5.91350317001343,0,0,2.30258512496948,0,3.63758611679077,10.1230249404907,12.937894821167,1.60943794250488,0,7.38894605636597,3.66356158256531,4.86753463745117,8.48342990875244,7.36833953857422,0,9.6954174041748,1.94591009616852,6.5998706817627,6.28226661682129,0,4.65396022796631,5.63121175765991,6.13122653961182,4.67282867431641,0,0,0,4.14313459396362,0,0,0,0,0,8.57791233062744,5.02388048171997,0,0,0,0,3.52636051177979,5.91350317001343,0,8.4325065612793,11.4990701675415,7.98854303359985,5.65248918533325,10.4541206359863,10.6004524230957,8.83141994476318,8.96354389190674,7.91717195510864,7.28344821929932,5.91079664230347,9.5722017288208,9.06900691986084,9.94131278991699,6.11589193344116,8.91717624664307,7.81520700454712,10.0660743713379,0,0,1.7917594909668,6.02586603164673,NA,9.66985130310059,9.2182092666626,4.89784002304077,7.66762590408325,0,7.39326286315918,8.65556240081787,7.82684230804443,10.6942148208618,4.75359010696411,10.3484621047974,10.2168369293213,7.97556447982788,7.95507431030273,2.30258512496948,0,0,11.3389291763306,9.15429878234863,10.8183975219727,11.4882535934448,7.473069190979,8.09803485870361,10.0923290252686,10.4675216674805,7.88608121871948,8.95001411437988,11.4428567886353,8.41094303131104,7.23345518112183,3.7376697063446,8.02059936523438,9.87683582305908,9.07931995391846,4.54329490661621,0,8.45935249328613,8.17188167572021,5.72031164169312,8.6273021697998,8.58372974395752,8.36077308654785,10.2209224700928,9.79907131195068,8.27664947509766,0,7.18387079238892,3.178053855896,4.09434461593628,5.06259489059448
12.7519578933716,9.1783332824707,9.7965145111084,9.6834020614624,0,8.45935249328613,8.92718124389648,11.2690305709839,9.37610912322998,6.75925540924072,5.41164588928223,9.66529369354248,9.17512798309326,9.06485176086426,7.6280312538147,0,10.6699314117432,9.14034652709961,5.70044374465942,7.79358673095703,8.85295104980469,9.05893611907959,9.90708065032959,8.92465591430664,10.1939163208008,10.0383243560791,10.2055902481079,9.24086952209473,8.46104621887207,9.25874996185303,8.49780654907227,11.5462636947632,8.59618949890137,8.47261428833008,12.098482131958,6.48768424987793,7.20563507080078,7.61775970458984,9.50948143005371,8.00068473815918,8.17920017242432,6.85012626647949,8.9159688949585,10.5299606323242,8.9069356918335,9.41082954406738,8.69198608398438,7.87016582489014,14.2494373321533,16.7531356811523,9.31127071380615,0,8.56731605529785,6.30261898040771,11.4909563064575,11.41623878479,8.76717376708984,8.33950042724609,12.4164304733276,10.7310123443604,8.09407329559326,9.27434730529785,10.2616863250732,10.0598077774048,8.34069442749023,10.111273765564,9.21969604492188,6.80572271347046,8.66681957244873,7.95226335525513,0,4.64439105987549,10.5344667434692,0,9.560715675354,10.563853263855,10.9619722366333,8.71637153625488,8.65591144561768,0,8.18451404571533,0,7.16703796386719,13.0401792526245,8.500657081604,11.7350606918335,15.3258600234985,9.78532314300537,10.5471029281616,9.06381034851074,9.25893974304199,9.71426200866699,11.7197360992432,10.7154836654663,9.38345336914062,8.39004135131836,12.7925224304199,9.11833477020264,12.7504816055298,10.8576326370239,8.9914379119873,9.43396377563477,12.1131620407104,4.98360681533813,9.21373462677002,8.00269412994385,7.38336801528931,12.0127487182617,NA,12.5726375579834,14.2211647033691,14.4897241592407,6.42648839950562,13.2851247787476,8.41027545928955,9.83638572692871,11.0679807662964,13.5964908599854,14.6151008605957,13.606707572937,14.8379507064819,16.7495746612549,11.829610824585,5.92692613601685,11.7037115097046,13.2396593093872,12.4790267944336,13.8879203796387,15.1095819473267,11.5848083496094,11.4240942001343,13.6034269332886,13.8261499404907,10.8117866516113,13.0927886962891,15.0453252792358,12.7233352661133,12.0350885391235,9.17864322662354,12.0571031570435,13.1727123260498,13.5880365371704,9.77973651885986,3.178053855896,9.15377044677734,9.51007461547852,9.6992883682251,11.2032022476196,7.42177581787109,10.7794561386108,11.4886226654053,14.0843257904053,12.1038074493408,8.47512054443359,10.1141128540039,7.90765142440796,9.87359523773193,10.4868478775024
0,9.68545627593994,8.9966516494751,9.31910514831543,0,0,8.81848239898682,11.0101833343506,7.3658127784729,4.83628177642822,0,0,0,0,0,0,0,0,0,0,7.56371974945068,0,0,0,0,0,0,0,0,0,0,0,0,0,0,0,8.68338489532471,0,7.43484783172607,8.05990791320801,0,0,0,6.02344751358032,0,0,0,0,12.1510248184204,15.0827360153198,0,5.20948600769043,7.77022314071655,6.67329788208008,9.42827033996582,8.15306186676025,6.12249279022217,6.44413137435913,9.43348407745361,6.48157691955566,5.94017124176025,7.12447834014893,8.04846858978271,6.59304475784302,3.93182563781738,6.92461252212524,5.52942895889282,5.6383547782898,0,6.63068342208862,0,9.36374759674072,0,7.56786251068115,0,7.44073390960693,5.73009967803955,3.78418970108032,7.91753625869751,0,4.14313459396362,4.95582723617554,0,5.69035959243774,0,11.3163747787476,14.4973335266113,0,8.50187683105469,0,0,9.62145614624023,11.8611497879028,0,11.0379981994629,0,12.5092315673828,8.54694652557373,0,10.6668834686279,0,0,0,0,0,0,0,11.0661535263062,13.2914543151855,NA,11.2946329116821,12.4586505889893,0,12.0167751312256,0,12.0330038070679,10.3180446624756,0,12.6229724884033,12.6731624603271,0,11.517186164856,0,0,0,13.4817428588867,11.4027090072632,13.0624628067017,14.0115242004395,10.0827207565308,10.3030347824097,13.1717967987061,12.2833299636841,10.2379217147827,12.1354837417603,13.953761100769,11.4338493347168,10.4998207092285,6.79905605316162,10.4431924819946,11.2281589508057,11.9255714416504,8.08023738861084,0,0,11.2242431640625,11.1958141326904,11.1980094909668,10.5557346343994,11.0744047164917,0,12.2531995773315,10.3609437942505,0,8.51016902923584,3.33220458030701,0,0
6.57088279724121,11.6087808609009,8.32287979125977,9.92142581939697,0,9.31704044342041,8.76608276367188,10.4648733139038,6.69332361221313,0,0,3.98898410797119,2.89037179946899,5.56068181991577,0,0,6.89264154434204,0,0,7.61332511901855,4.12713432312012,0,7.68891334533691,2.19722461700439,6.59714555740356,9.25617408752441,5.56068181991577,6.44254016876221,1.94591009616852,0,8.90422248840332,7.1884126663208,8.08825492858887,2.99573230743408,9.31650066375732,4.94164228439331,8.15966033935547,0,5.24702405929565,6.26909637451172,0,4.61512041091919,0,0,4.83628177642822,7.72973537445068,0,0,11.7559967041016,15.2654008865356,4.12713432312012,0,5.55682802200317,5.24174690246582,7.14834594726562,7.06561326980591,2.63905739784241,5.70378255844116,10.054877281189,4.31748819351196,0,3.04452252388,5.89989757537842,0,0,3.49650764465332,3.40119743347168,0,0,0,0,0,3.36729574203491,0,5.54907608032227,5.59098720550537,8.32069110870361,1.7917594909668,5.25227355957031,0,0,4.34380531311035,2.56494927406311,7.40306091308594,6.12905025482178,0,16.1412315368652,8.14873504638672,8.67299938201904,10.5377073287964,11.7903757095337,8.90761280059814,10.2802104949951,8.3054838180542,8.6767578125,7.73499631881714,11.8037281036377,7.30988168716431,11.6902761459351,9.0189380645752,8.90991115570068,6.50278997421265,11.0642604827881,0,0,7.35564088821411,9.63016891479492,10.1766777038574,13.6750392913818,10.8710603713989,NA,13.8393564224243,2.94443893432617,12.6929550170898,0,0,10.8930292129517,11.9432001113892,13.7246980667114,12.4593534469604,13.3032302856445,13.3818664550781,10.2683391571045,0,10.6603841781616,11.9690837860107,10.950963973999,13.040135383606,13.5259122848511,8.87038230895996,10.0128355026245,12.5956010818481,13.0671463012695,10.4283046722412,11.574951171875,13.1289472579956,10.0684509277344,10.5304946899414,6.71780490875244,9.66071510314941,10.7883701324463,10.3743658065796,7.78779697418213,0,7.2534704208374,9.55407238006592,10.0292387008667,9.69775390625,7.0228681564331,9.18594551086426,11.5577936172485,12.9570360183716,11.2774305343628,0,7.3562798500061,0,2.19722461700439,8.85666084289551
7.79729127883911,9.80813217163086,12.0677242279053,9.91803169250488,0,10.137056350708,9.22434234619141,11.2923164367676,9.1337833404541,5.36129236221313,3.61091780662537,7.97315549850464,8.60831260681152,9.31433963775635,6.95368432998657,4.78749179840088,9.33388423919678,9.44730758666992,4.39444923400879,9.87873363494873,9.71553039550781,6.8617115020752,9.94803047180176,7.59940147399902,9.70546340942383,10.233115196228,13.3687152862549,8.42002105712891,7.11395597457886,5.79301357269287,7.59990215301514,9.74255561828613,7.25205373764038,7.59890031814575,11.0701322555542,5.97126197814941,7.51479959487915,5.86929702758789,9.18737888336182,6.22455835342407,8.51398849487305,7.5315523147583,7.6118426322937,9.47815132141113,8.35042953491211,8.5434455871582,6.1944055557251,7.43307542800903,14.517165184021,16.8892402648926,8.66509628295898,7.75190544128418,11.1901550292969,8.20330429077148,11.3018217086792,12.1717500686646,10.4338512420654,9.5460262298584,12.7976856231689,10.007622718811,9.23122119903564,9.68140602111816,10.337119102478,10.6601028442383,8.60739898681641,10.4988565444946,9.89065551757812,8.20494556427002,7.81278276443481,8.98143005371094,0,0,0,8.76107978820801,9.1834831237793,9.85293102264404,8.65102481842041,11.6123361587524,8.80462551116943,0,6.7405195236206,6.78105783462524,7.2427978515625,12.8989925384521,7.82124185562134,10.4413833618164,16.4418888092041,9.69091320037842,10.6325082778931,0,0,10.6872978210449,12.1562995910645,10.5250577926636,10.1227436065674,9.54079437255859,13.6740589141846,9.03157234191895,13.0798749923706,11.8558130264282,10.6750764846802,10.0905065536499,12.2727355957031,5.26269006729126,8.39683151245117,9.83659934997559,0,11.5383491516113,15.082612991333,13.4557647705078,13.4223527908325,NA,0,13.3775329589844,5.00394630432129,9.92886257171631,12.3248414993286,13.1071195602417,14.3002147674561,13.601559638977,14.11803150177,0,0,0,0,12.1708650588989,12.4114799499512,13.9222412109375,14.5995035171509,11.8373689651489,10.9283819198608,13.5461006164551,13.2165184020996,11.0002145767212,13.0771780014038,14.5307655334473,12.3908910751343,11.952766418457,8.60995483398438,11.9831161499023,12.9028282165527,12.5799331665039,8.98331451416016,0,0,9.17460918426514,6.11368227005005,5.40267753601074,0,10.7320833206177,0,13.8587369918823,12.0914192199707,7.85127210617065,10.1807403564453,7.4977617263794,8.25894069671631,9.82330703735352
0,0,0,0,0,0,0,0,0,0,0,0,0,0,0,0,0,0,0,0,2.4849066734314,0,0,0,0,0,0,0,0,0,0,0,0,0,0,0,0,0,0,0,0,0,0,0,0,0,0,0,5.37063789367676,6.74758672714233,0,0,0,0,0,0,0,0,0,0,0,0,0,0,0,0,0,0,0,0,0,0,0,0,0,0,0,0,0,0,0,0,0,0,0,0,8.99640464782715,0,0,0,0,0,0,0,0,0,0,0,0,0,0,0,0,0,0,0,0,0,6.34212160110474,0,2.0794415473938,0,NA,4.74493217468262,0,0,5.55682802200317,0,0,10.8190584182739,0,9.44351387023926,0,0,0,2.0794415473938,5.72031164169312,5.93753623962402,6.93244791030884,4.57471084594727,0,5.99396133422852,6.5806393623352,0,5.02388048171997,7.71556949615479,4.04305124282837,4.94876003265381,0,1.94591009616852,3.21887588500977,2.99573230743408,0,0,0,4.71849870681763,3.58351898193359,0,0,1.94591009616852,0,5.26269006729126,0,0,0,0,0,0
3.68887948989868,9.40277767181396,4.5643482208252,8.14118957519531,0,9.58314418792725,8.32651710510254,11.1927757263184,7.2577075958252,0,0,0,0,3.25809645652771,0,0,4.44265127182007,0,0,8.07059383392334,4.30406522750854,0,7.5005292892456,0,6.95939874649048,8.88820457458496,7.58477306365967,8.10772037506104,4.73619842529297,0,0,9.54902458190918,9.83601093292236,0,9.66624546051025,0,8.69684410095215,0,7.06219148635864,6.56807804107666,5.24702405929565,0,8.31139850616455,5.96870756149292,6.21660614013672,7.10660600662231,0,6.62007331848145,12.4395866394043,15.3969373703003,0,2.94443893432617,7.13249778747559,0,10.0042371749878,10.8684921264648,6.60934925079346,6.41836500167847,9.75903987884521,3.80666255950928,5.59098720550537,7.30653142929077,7.50494194030762,0,0,0,0,0,6.09582471847534,0,0,4.95582723617554,5.20400667190552,0,0,8.81507301330566,6.53087759017944,0,6.30627536773682,0,0,3.66356158256531,0,8.54188537597656,0,0,15.156252861023,9.26388072967529,8.44333171844482,10.7789354324341,10.9719667434692,10.0080728530884,9.78143310546875,7.95647668838501,9.84315395355225,8.56579303741455,11.5379199981689,9.96123790740967,11.5257329940796,11.5453252792358,10.6246633529663,8.78492736816406,10.7908639907837,1.7917594909668,11.3494882583618,9.54709815979004,3.29583692550659,10.795485496521,13.6508178710938,12.753101348877,12.9308834075928,14.0897169113159,3.36729574203491,NA,7.7133378982544,6.23048162460327,12.3838043212891,12.7288436889648,15.5379018783569,13.3159465789795,13.2819843292236,13.0546607971191,7.10906219482422,3.91202306747437,9.32197093963623,12.1814317703247,11.0554351806641,13.1309700012207,13.8209648132324,10.2383155822754,10.1636180877686,12.6070880889893,13.3038063049316,9.79099082946777,11.9533262252808,13.8824529647827,10.6374406814575,10.1454524993896,6.48920488357544,10.0742425918579,11.4323768615723,10.6709299087524,6.8373327255249,0,7.85786771774292,9.97538948059082,9.20552921295166,6.33682584762573,6.71052312850952,11.0857515335083,12.4674520492554,13.2664070129395,10.7780809402466,5.19295692443848,8.11432456970215,6.34913921356201,6.33505439758301,9.4605541229248
0,6.5998706817627,0,0,0,0,0,0,0,0,0,0,0,0,0,0,0,0,0,0,2.39789533615112,0,0,0,0,0,0,0,0,0,0,0,0,0,0,0,0,0,0,0,0,0,0,0,0,0,0,0,6.34212160110474,9.47883987426758,0,0,0,0,0,0,0,0,2.7725887298584,0,0,0,0,0,0,0,0,0,0,0,0,0,0,0,0,0,0,0,3.09104251861572,0,0,0,0,0,0,0,6.98378992080688,0,0,0,0,0,0,0,0,0,3.52636051177979,0,0,0,0,0,0,0,0,0,0,8.62497043609619,6.1420373916626,0,0,0,0,5.20400667190552,NA,0,0,0,8.23906517028809,10.3638830184937,0,3.93182563781738,0,0,0,1.94591009616852,3.21887588500977,4.70953035354614,7.83478832244873,0,0,4.27666616439819,5.00394630432129,0,3.85014748573303,9.0528678894043,1.60943794250488,0,0,0,2.4849066734314,6.35088586807251,0,0,0,3.21887588500977,0,0,0,0,0,0,0,0,0,0,0,0
0,0,0,0,0,0,0,0,0,0,0,0,0,0,0,0,0,0,0,0,0,0,0,0,0,0,0,0,0,0,0,0,0,0,0,0,0,0,0,0,0,0,0,0,0,0,0,0,6.64248657226562,10.7877511978149,0,0,0,0,0,0,0,0,0,0,0,0,0,0,0,0,0,0,0,0,0,0,0,0,0,0,0,0,0,0,0,0,0,0,0,0,6.59714555740356,0,0,3.98898410797119,7.6123366355896,0,0,0,0,0,0,0,0,0,0,0,5.0434250831604,5.20948600769043,0,0,0,0,5.38907194137573,10.6561059951782,0,6.62406539916992,0,0,0,NA,5.87211799621582,0,6.43133115768433,0,4.58496761322021,7.02731466293335,0,0,0,7.8062891960144,4.72738790512085,7.06731986999512,10.5533094406128,0,0,7.8935718536377,6.97447872161865,0,5.23644208908081,9.19968414306641,5.93753623962402,3.76120018959045,0,5.57215404510498,6.0063533782959,9.4048376083374,0,0,3.25809645652771,7.3479437828064,0,0,0,0,0,4.04305124282837,2.94443893432617,0,0,0,0,0
8.00503349304199,6.63463354110718,8.45574283599854,7.97349977493286,4.82831382751465,7.56164169311523,6.4952654838562,7.50604200363159,7.90137720108032,4.66343927383423,2.19722461700439,3.63758611679077,4.75359010696411,0,0,8.43032741546631,5.94279956817627,4.26268005371094,8.2265739440918,8.82055187225342,7.19593715667725,0,5.43372201919556,3.21887588500977,6.76272964477539,8.22550296783447,9.74794387817383,4.64439105987549,6.66185474395752,3.52636051177979,8.82217502593994,10.0645008087158,0,5.47646331787109,7.52671766281128,5.15329170227051,4.54329490661621,6.78897190093994,10.5447626113892,0,0,7.67832612991333,5.87773561477661,8.18757724761963,9.59028244018555,8.59785079956055,0,8.41427421569824,11.1981325149536,13.308313369751,3.61091780662537,4.24849510192871,5.64190721511841,3.68887948989868,7.99125385284424,7.10578632354736,5.88332223892212,4.85981225967407,6.8480052947998,3.63758611679077,3.36729574203491,4.49980974197388,5.736572265625,2.70805025100708,6.4457197189331,5.00394630432129,3.29583692550659,7.6152982711792,4.68213129043579,0,0,0,2.39789533615112,6.48157691955566,4.83628177642822,6.59304475784302,0,0,0,0,2.19722461700439,3.89182019233704,3.40119743347168,6.95081472396851,3.52636051177979,0,13.1979236602783,9.25836849212646,8.9112606048584,11.8396139144897,7.68753862380981,7.70074796676636,10.4907464981079,7.80547475814819,9.70020771026611,9.41499423980713,11.5503177642822,6.42648839950562,12.105583190918,9.2997236251831,8.61577033996582,5.7397928237915,11.1302146911621,6.22059011459351,7.2577075958252,7.71378469467163,6.36818695068359,10.830738067627,12.3539838790894,10.3483018875122,10.9428977966309,12.0013647079468,1.94591009616852,9.88877964019775,6.73578023910522,6.74993133544922,NA,9.86412239074707,11.1220579147339,11.5485725402832,11.9349460601807,12.226149559021,1.7917594909668,0,5.27811479568481,10.9385919570923,10.5813684463501,12.0541849136353,12.6809492111206,9.32465076446533,9.14023971557617,12.3782091140747,11.2613954544067,10.8816633224487,11.472092628479,12.6677227020264,9.99843406677246,10.39821434021,5.75574207305908,10.01819896698,10.9043216705322,10.4550428390503,7.20785999298096,0,10.0649681091309,8.56845664978027,9.02833843231201,6.64898443222046,6.02827835083008,7.33953762054443,11.1612377166748,11.0043144226074,9.66782855987549,0,6.70563888549805,5.11799383163452,5.24174690246582,5.08759641647339
0,8.12563133239746,7.36327981948853,6.05208921432495,0,0,6.59850883483887,9.1818380355835,0,0,0,0,0,0,0,0,0,0,0,0,4.94164228439331,0,0,0,0,0,0,0,0,0,0,0,0,0,0,0,7.06902360916138,0,5.69373226165771,2.39789533615112,0,0,0,4.12713432312012,0,0,0,0,12.0613994598389,15.0118379592896,0,3.68887948989868,5.98141431808472,1.94591009616852,8.39208316802979,8.36776447296143,4.36944770812988,4.26268005371094,9.39224529266357,0,6.51174545288086,5.88053321838379,4.99043273925781,4.99721240997314,0,5.57215404510498,0,0,0,4.72738790512085,0,0,0,6.94408702850342,0,6.02827835083008,4.90527486801147,0,5.30330467224121,0,5.06259489059448,2.39789533615112,0,5.3423342704773,0,7.82003784179688,14.537938117981,0,6.59304475784302,0,0,5.20400667190552,9.31280708312988,0,7.22838830947876,0,10.501389503479,5.82894563674927,0,8.6681957244873,0,0,0,0,0,0,0,7.83952569961548,12.5946359634399,0,11.0757684707642,12.2296276092529,0,11.977972984314,0,4.96981334686279,8.85366535186768,NA,12.5145168304443,11.5149335861206,0,11.3064670562744,0,0,0,10.723708152771,10.287899017334,12.2672004699707,13.1025075912476,8.36683559417725,9.57087802886963,11.1768789291382,11.9551916122437,9.03240871429443,11.0711441040039,12.8519630432129,10.1307430267334,9.8237943649292,6.65672636032104,9.17771339416504,10.2682695388794,10.001748085022,7.22110509872437,0,0,7.73848819732666,6.12468338012695,0,0,6.61204099655151,0,11.8316850662231,9.92676448822021,0,6.56667232513428,4.17438745498657,0,0
5.06890439987183,9.3000898361206,8.99317932128906,9.35478687286377,0,9.04511165618896,8.80146980285645,11.0548505783081,8.0323600769043,0,0,0,6.72862863540649,0,0,7.82284545898438,0,0,0,8.90327167510986,8.96316051483154,0,8.110426902771,0,8.61740016937256,10.6532745361328,12.1456851959229,8.82320594787598,0,0,0,11.1474981307983,9.1222734451294,0,11.2971420288086,0,10.0460720062256,0,6.31173467636108,10.1002464294434,0,8.44311618804932,0,8.62819766998291,8.45083999633789,10.1354722976685,0,7.2772479057312,13.1417407989502,16.1893329620361,9.49137496948242,0,10.6747989654541,0,11.5169868469238,10.1332092285156,9.94611549377441,6.81454277038574,10.672854423523,7.09672117233276,9.06992816925049,9.14803981781006,9.10941410064697,0,0,7.92298603057861,7.9359450340271,0,10.2875928878784,0,0,0,0,0,0,8.21419429779053,8.1920166015625,8.92903804779053,7.97315549850464,0,5.64544677734375,5.6698808670044,0,12.3386831283569,0,10.7340898513794,15.0708570480347,10.314736366272,11.4494428634644,11.4044713973999,9.29366970062256,9.716796875,11.3701400756836,10.2181520462036,10.5506954193115,10.0628385543823,12.3482055664062,9.15112113952637,12.7032995223999,10.6970224380493,11.1892709732056,11.4285106658936,12.6589431762695,0,13.0795831680298,11.4199542999268,0,12.1538686752319,14.9149007797241,13.7827463150024,13.3708486557007,13.6495609283447,0,15.4685258865356,11.2179775238037,11.1134023666382,12.038215637207,13.439769744873,NA,14.6776151657104,14.4684476852417,14.2588634490967,10.7855176925659,0,0,12.5241661071777,11.6377944946289,13.6016063690186,14.3138799667358,11.4724683761597,10.8786134719849,13.3232364654541,13.3460378646851,10.265697479248,12.3936433792114,14.2896871566772,11.7896175384521,10.9534521102905,0,12.5718088150024,12.0213136672974,11.8870992660522,10.0259704589844,0,10.0113554000854,8.46737289428711,9.8408670425415,10.4493227005005,8.03818893432617,11.0180225372314,12.2080707550049,14.0116720199585,11.9138536453247,9.28154373168945,10.5497264862061,5.06259489059448,10.8070573806763,12.021782875061
7.62900400161743,9.7399091720581,10.2039251327515,10.7045698165894,0,9.63062858581543,7.91534805297852,10.2642688751221,9.31127071380615,5.24702405929565,1.7917594909668,9.37169361114502,8.90747737884521,10.2683038711548,6.57507562637329,0,9.67940616607666,9.44912147521973,0,5.57973003387451,9.17895317077637,8.6681957244873,9.51332950592041,0,10.1604909896851,10.2024059295654,9.68196773529053,9.87955379486084,3.43398714065552,6.8875527381897,9.27790546417236,9.12358379364014,11.2637844085693,4.92725372314453,11.0414972305298,9.49378871917725,8.66354179382324,5.85793304443359,10.5554485321045,6.36818695068359,6.28599786758423,9.33353137969971,3.465735912323,9.97399234771729,4.4188404083252,9.74847030639648,4.72738790512085,4.99721240997314,12.6875352859497,15.3280467987061,6.50428819656372,5.0434250831604,5.3132061958313,4.52178859710693,7.26542949676514,7.96901178359985,4.40671920776367,6.57088279724121,9.80416393280029,4.65396022796631,9.894850730896,5.01727962493896,5.50938844680786,5.5683445930481,3.178053855896,5.65248918533325,5.88053321838379,8.80267238616943,6.55819797515869,6.7867169380188,0,10.1435279846191,8.66767978668213,7.99665403366089,6.05443954467773,7.83991956710815,9.49175262451172,6.10702276229858,6.48616075515747,0,5.26269006729126,5.75257253646851,5.46806001663208,11.5737104415894,5.7268476486206,10.2747755050659,15.0709371566772,10.0486259460449,8.83083534240723,12.0640716552734,9.78278732299805,9.63226890563965,11.5209827423096,10.1680421829224,9.70777702331543,8.88239192962646,12.76731300354,10.4852838516235,12.745246887207,9.63416957855225,10.1856164932251,8.12917518615723,11.7281904220581,2.63905739784241,10.3427419662476,10.1506214141846,4.31748819351196,11.307879447937,13.6071891784668,11.4454708099365,12.125789642334,12.7732601165771,11.0951042175293,13.3765344619751,8.98268699645996,10.3637561798096,10.9210166931152,11.5787696838379,14.0936498641968,NA,12.6967849731445,13.404598236084,8.90123081207275,0,9.71854209899902,12.5361528396606,11.4305219650269,13.2430448532104,13.8331470489502,10.0748319625854,10.2898378372192,12.7326431274414,13.2701387405396,11.505820274353,12.1414861679077,13.567681312561,11.2689924240112,11.1002397537231,7.05875825881958,10.469596862793,11.6453914642334,12.252082824707,8.64029502868652,5.29330492019653,8.71243095397949,8.54558658599854,8.77276515960693,9.64691638946533,6.35610771179199,10.29163646698,12.5236892700195,12.8396711349487,10.4430751800537,4.47733688354492,9.05169582366943,6.98100566864014,0,9.17802333831787
0,6.61873912811279,10.65944480896,10.3708629608154,0,0,8.60886001586914,11.2350091934204,9.46630001068115,6.1420373916626,0,0,0,0,0,0,0,0,0,0,8.24012088775635,0,0,0,0,0,0,0,0,0,0,0,0,0,0,0,8.90136623382568,0,8.73648929595947,6.67329788208008,0,0,0,8.85737323760986,0,0,0,0,14.5019083023071,17.0591812133789,0,6.57646942138672,9.47454929351807,8.35514450073242,11.0736608505249,11.3287258148193,9.81022071838379,10.4548978805542,0,10.2052574157715,9.17668056488037,9.31127071380615,11.1093235015869,10.6138601303101,9.49016666412354,10.4936876296997,9.36349010467529,8.99131298065186,0,9.06508350372314,0,0,0,8.99652767181396,0,9.90593433380127,8.0494270324707,6.8134446144104,9.37279891967773,0,8.35090255737305,7.43897151947021,0,9.76319026947021,0,11.6264238357544,16.0104331970215,0,10.6938753128052,0,0,10.5516633987427,11.2474613189697,0,0,0,13.314938545227,10.8083534240723,0,11.3535423278809,0,0,0,0,0,0,0,11.6600856781006,15.7068901062012,0,13.889087677002,14.0994529724121,0,13.9367570877075,0,8.89672470092773,11.4814138412476,0,14.6987543106079,14.0682239532471,NA,0,0,0,0,12.6201839447021,12.1528720855713,14.3341770172119,14.9067993164062,12.0047454833984,11.6500749588013,13.8088874816895,13.8177394866943,11.3389291763306,13.4287633895874,14.6168537139893,12.6760139465332,12.2548484802246,9.1222734451294,11.9061288833618,13.0889406204224,12.8125505447388,9.29697704315186,0,0,9.9297399520874,10.2235403060913,0,0,9.45289421081543,0,14.296986579895,12.4791145324707,0,10.271354675293,6.74875974655151,0,0
7.0817084312439,10.0967493057251,10.326268196106,11.3414011001587,3.63758611679077,10.0373630523682,10.0736103057861,10.7973279953003,8.64329719543457,6.99025630950928,7.70706272125244,7.68982887268066,7.41517496109009,7.32052707672119,8.07899856567383,6.4922399520874,9.85503196716309,9.0763521194458,4.20469284057617,9.05555629730225,8.56921577453613,9.43691825866699,9.20301342010498,8.8473596572876,9.345046043396,9.97543621063232,11.2161350250244,8.89521884918213,4.04305124282837,8.8449125289917,9.75950145721436,10.1478834152222,8.82644081115723,8.22577095031738,10.1058979034424,7.6280312538147,8.68996906280518,9.04452228546143,10.073314666748,6.88243770599365,8.30622482299805,7.42297124862671,9.08341598510742,9.48721408843994,8.42748737335205,9.63756656646729,6.88038396835327,8.50289154052734,13.0204572677612,15.3651647567749,3.8712010383606,3.8712010383606,9.44651889801025,7.76131916046143,11.5005588531494,10.6354465484619,7.0457763671875,6.28785848617554,10.8929920196533,2.39789533615112,9.95930099487305,7.54486083984375,6.51914739608765,6.4297194480896,5.15329170227051,7.43129968643188,8.15478801727295,6.23048162460327,5.85793304443359,6.99942255020142,3.7376697063446,12.1691436767578,8.7013463973999,6.4952654838562,5.70711040496826,8.60703372955322,7.62997579574585,7.74586820602417,8.28652095794678,4.20469284057617,5.14166355133057,5.48479700088501,5.3132061958313,8.02649688720703,7.65159559249878,0,15.9769449234009,9.15143966674805,9.33370780944824,11.6853733062744,11.1576356887817,11.1852130889893,11.8282251358032,10.2192106246948,8.91274261474609,8.52714347839355,12.4283800125122,10.1844472885132,12.344425201416,11.1448574066162,10.9575901031494,9.34635639190674,11.7820053100586,2.7725887298584,8.19698810577393,12.175726890564,7.59689426422119,11.1683483123779,16.5552520751953,11.9593601226807,13.3491191864014,0,8.20876407623291,13.0153551101685,5.57594919204712,9.45548057556152,12.4512004852295,12.4883413314819,14.2543058395386,13.215181350708,0,NA,12.8570346832275,9.92744827270508,6.02827835083008,12.3665447235107,12.2178726196289,13.6175651550293,14.3105726242065,10.9271783828735,10.0745372772217,13.7961177825928,12.9942274093628,10.6049003601074,12.5049839019775,13.3880634307861,11.2210884094238,11.3553237915039,7.0003342628479,10.993748664856,12.0724325180054,11.5905437469482,8.63355255126953,9.66744899749756,11.0504455566406,12.7579526901245,11.3266677856445,12.5812196731567,12.5440654754639,10.6711158752441,14.4630117416382,13.0725107192993,10.7107667922974,7.14913177490234,9.29394626617432,7.35755634307861,7.69439268112183,9.49046897888184
0,7.65681028366089,6.45047044754028,0,0,0,7.5923662185669,3.40119743347168,0,4.8751974105835,0,0,0,0,0,0,0,0,0,0,6.49677515029907,0,0,0,0,0,0,0,0,0,0,0,0,0,0,0,3.09104251861572,0,4.99721240997314,2.83321332931519,0,0,0,7.3427791595459,0,0,0,0,5.37527847290039,6.38350677490234,0,0,0,6.92657709121704,0,5.3936276435852,6.39359092712402,0,10.3320827484131,0,8.96941471099854,4.85981225967407,0,5.27811479568481,8.76592636108398,6.40852880477905,8.70847415924072,6.4937539100647,0,0,0,9.8806791305542,0,5.68357992172241,0,7.94484663009644,3.63758611679077,2.63905739784241,3.49650764465332,0,0,1.7917594909668,0,0,0,0,12.6070547103882,0,7.06987428665161,0,0,3.80666255950928,0,0,0,0,7.65302038192749,4.04305124282837,0,5.41164588928223,0,0,0,0,0,0,0,6.84375,10.5350522994995,0,9.74472618103027,0,0,7.69575786590576,0,7.30182218551636,4.36944770812988,0,10.8983125686646,9.86204051971436,0,12.1126899719238,NA,0,0,3.58351898193359,5.72031164169312,9.25779628753662,10.236668586731,7.18387079238892,4.65396022796631,7.63240098953247,6.76849317550659,5.60947179794312,8.97702026367188,7.48493051528931,7.02464914321899,5.15905523300171,0,6.6995005607605,6.67203283309937,6.9555926322937,8.17891979217529,0,0,9.26634216308594,9.77849102020264,9.59185409545898,9.50256252288818,8.82790756225586,0,5.84643888473511,1.7917594909668,0,4.83628177642822,0,0,0
0,0,0,0,0,0,0,0,0,0,0,0,0,0,0,0,0,0,0,0,0,0,0,0,0,0,0,0,0,0,0,0,0,0,0,0,0,0,0,0,0,0,0,0,0,0,0,0,0,7.420578956604,0,0,0,0,0,0,0,0,0,0,0,0,0,0,0,2.0794415473938,0,0,0,0,0,6.90173721313477,0,0,0,2.39789533615112,0,0,0,0,0,0,0,0,0,0,10.554744720459,0,0,0,0,0,0,0,0,0,0,0,0,0,0,0,0,0,0,0,0,0,3.04452252388,0,0,0,0,3.25809645652771,0,0,4.96284484863281,0,0,0,0,9.06531429290771,0,NA,0,6.36130237579346,0,8.3037519454956,8.271803855896,0,0,9.00491428375244,7.30249643325806,4.59511995315552,4.76217412948608,6.4937539100647,3.21887588500977,7.93236207962036,0,2.39789533615112,0,7.8811821937561,0,0,0,9.5687837600708,8.46337032318115,8.16564750671387,8.91717624664307,7.79564666748047,0,2.0794415473938,0,0,0,0,0,0
0,7.4866132736206,0,7.41517496109009,0,0,5.69709348678589,6.66695690155029,0,5.86929702758789,0,0,0,0,0,0,0,0,0,0,0,0,0,0,0,0,0,0,0,0,0,0,0,0,0,0,2.0794415473938,0,9.20069408416748,0,0,0,0,7.66809368133545,0,0,0,0,9.4452543258667,0,0,0,0,1.94591009616852,0,2.0794415473938,0,0,3.68887948989868,0,2.39789533615112,0,0,0,0,0,0,0,0,0,0,9.93100547790527,0,3.93182563781738,0,0,0,0,0,0,0,0,0,0,0,0,12.7557706832886,0,5.50533151626587,0,0,3.40119743347168,0,0,0,0,4.45434713363647,4.71849870681763,0,2.56494927406311,0,0,0,0,0,0,0,5.12989854812622,11.9375,0,10.0438575744629,0,0,10.6022691726685,0,0,6.64768838882446,0,0,10.7325410842896,0,8.56197547912598,0,0,NA,9.00614166259766,6.75110149383545,10.0869750976562,10.0353050231934,3.21887588500977,5.03043794631958,8.88155841827393,7.1131420135498,6.72623348236084,8.36310958862305,7.93522930145264,8.20876407623291,4.11087369918823,0,5.48479700088501,7.05358552932739,9.26112842559814,0,0,0,10.050311088562,9.5846586227417,10.265453338623,8.68101119995117,3.85014748573303,0,9.58038520812988,4.95582723617554,0,2.83321332931519,0,0,0
12.9306192398071,12.6253681182861,11.8315391540527,12.2782440185547,0,10.1335668563843,12.3860912322998,12.1082391738892,11.238317489624,8.44741439819336,8.17751598358154,9.8515100479126,9.7457218170166,10.7713441848755,10.1957836151123,7.90691566467285,12.7329082489014,9.03682041168213,8.29554843902588,10.253475189209,8.62317371368408,8.87989044189453,9.86282157897949,10.5224227905273,11.0383358001709,10.7649421691895,9.76600551605225,9.1359395980835,7.91352081298828,9.64004230499268,9.84495735168457,10.2758092880249,8.85166358947754,8.86629962921143,11.7411441802979,8.82907962799072,10.3703298568726,10.5677976608276,10.5796413421631,7.18462896347046,8.99764251708984,8.05229663848877,9.73079967498779,9.67149257659912,9.15988922119141,10.1815357208252,9.06600761413574,9.65168762207031,13.1137266159058,15.42311668396,6.23636960983276,6.86797428131104,11.4431676864624,8.71899032592773,12.1942577362061,10.8527297973633,10.8022861480713,9.78729057312012,12.0024433135986,8.36520671844482,10.3536396026611,8.53404998779297,11.9530563354492,9.20893955230713,9.06808567047119,9.5477409362793,8.37170505523682,7.87891292572021,7.34083557128906,7.73848819732666,6.90475082397461,9.79540157318115,9.09121894836426,10.6168785095215,8.87556648254395,9.26530170440674,8.8375358581543,8.4346809387207,8.98029804229736,0,2.89037179946899,9.28757953643799,7.26052236557007,8.77724742889404,8.61956882476807,14.3909349441528,14.113263130188,10.2536869049072,10.7395009994507,11.9767475128174,11.7127513885498,10.5780630111694,11.1365432739258,11.2973899841309,9.93498611450195,9.6364574432373,12.8680543899536,11.2648105621338,11.7241258621216,13.015154838562,10.4063816070557,7.51370906829834,10.3810253143311,2.7725887298584,6.73696708679199,7.65775537490845,4.51085948944092,11.0789527893066,13.4223031997681,14.3537693023682,11.8478536605835,12.9507465362549,6.69208383560181,12.00426197052,4.24849510192871,8.16593170166016,11.4102277755737,11.0396528244019,12.4271059036255,12.7789964675903,13.0271530151367,12.8434505462646,8.11192798614502,4.65396022796631,7.6439619064331,NA,13.7100019454956,16.8050270080566,16.773551940918,13.3734569549561,12.8648996353149,15.8013696670532,16.5093460083008,13.5304698944092,14.7105417251587,16.1641979217529,13.9115476608276,13.4570169448853,10.2303419113159,13.3681983947754,14.2877149581909,14.6701822280884,10.2725648880005,7.80994701385498,11.1221914291382,11.5668268203735,12.0685443878174,12.1052961349487,9.66681575775146,12.2576780319214,13.2427062988281,12.7366390228271,11.0160684585571,5.90808296203613,7.67925119400024,5.16478586196899,10.1077747344971,8.22067260742188
9.51199913024902,10.3026666641235,10.1348371505737,10.5755643844604,0,9.23092746734619,10.1246690750122,11.060887336731,7.17395830154419,6.31896829605103,5.79605770111084,6.64898443222046,5.3936276435852,9.04793930053711,5.7868971824646,4.94876003265381,7.35500192642212,6.47079944610596,2.70805025100708,8.71620750427246,8.08147525787354,8.45808029174805,8.46547889709473,7.02820158004761,7.79688024520874,9.93590641021729,11.8971605300903,8.09101486206055,8.61341190338135,6.70441436767578,7.49942350387573,7.3658127784729,9.60211181640625,7.16084575653076,9.86438274383545,7.48099231719971,7.07580900192261,7.6138186454773,8.271803855896,6.2383246421814,7.16239738464355,8.28071117401123,9.89404296875,7.79276180267334,9.08523082733154,9.99501800537109,7.97796821594238,9.02953720092773,12.2130880355835,14.2389259338379,7.81318712234497,12.4848594665527,9.2544527053833,7.97453308105469,11.1049718856812,10.1723308563232,8.86827278137207,8.22844409942627,10.6782150268555,5.7868971824646,8.52118492126465,8.43793392181396,10.8919496536255,7.80302667617798,7.68109893798828,8.110426902771,8.11492252349854,8.58391666412354,10.3260717391968,7.49164533615112,8.67197227478027,8.88364028930664,9.1631441116333,8.67795085906982,6.98193454742432,7.89580821990967,8.32579040527344,8.59007167816162,8.11522197723389,4.21950769424438,8.33038139343262,7.43955945968628,5.47646331787109,8.86092472076416,5.92692613601685,10.9170503616333,14.0072917938232,9.54237461090088,9.76399517059326,11.5101013183594,10.3204526901245,9.14633464813232,11.0244970321655,9.8648509979248,9.75533580780029,9.39015865325928,11.9075317382812,9.82157230377197,11.207106590271,10.5434188842773,10.6749143600464,6.60394382476807,10.2432041168213,4.04305124282837,7.10332202911377,6.9373140335083,4.49980974197388,8.70665550231934,11.8710193634033,11.1450595855713,10.2444143295288,11.7055768966675,3.63758611679077,10.9699039459229,5.94017124176025,8.23827266693115,9.54258918762207,10.191632270813,11.5059413909912,10.9865970611572,11.5058403015137,11.7289876937866,6.56948137283325,6.19031524658203,7.185387134552,13.2597951889038,NA,14.3156318664551,15.3952226638794,12.2745952606201,11.957239151001,14.1571846008301,13.9724731445312,12.1716833114624,13.2389354705811,15.099024772644,12.4616527557373,13.5600080490112,11.7713203430176,14.3013782501221,15.0279836654663,13.2626657485962,9.55030632019043,6.34212160110474,10.0411167144775,10.888557434082,10.8587102890015,11.7303972244263,8.56216621398926,11.158618927002,12.4569320678711,12.0289354324341,10.4386644363403,4.58496761322021,6.14846849441528,3.93182563781738,8.19671249389648,8.39683151245117
13.2993974685669,14.4201917648315,12.895357131958,14.2562131881714,0,10.763144493103,14.0180101394653,13.6799335479736,13.0550584793091,11.1440763473511,11.0968799591064,12.5208721160889,12.8687038421631,12.1139078140259,9.87642478942871,10.6559648513794,11.9871015548706,11.3074007034302,9.14206123352051,10.7400636672974,10.8464012145996,9.59750556945801,10.667046546936,11.8600482940674,13.4184074401855,12.2107172012329,12.1051464080811,11.9764766693115,9.16209506988525,11.7292213439941,11.9074306488037,12.2211093902588,10.679895401001,11.6776094436646,12.9668827056885,9.44295883178711,13.9324474334717,10.0443363189697,13.0088901519775,9.65020656585693,9.52252006530762,11.196515083313,10.7381343841553,11.9548578262329,9.21004009246826,10.1155700683594,11.8489980697632,10.0120277404785,14.3847913742065,16.3250370025635,10.8622627258301,7.80506706237793,12.2469797134399,8.38890552520752,13.3847179412842,12.3376579284668,12.0312967300415,10.869215965271,13.3006019592285,9.40861701965332,10.5787763595581,10.7970209121704,12.3622169494629,9.83242130279541,10.5751810073853,9.82092094421387,9.18080902099609,9.31154251098633,9.85665798187256,9.06762409210205,7.65964317321777,10.7606859207153,10.4793701171875,14.3759107589722,10.3831014633179,9.73642921447754,10.2013673782349,10.3886880874634,9.5824556350708,6.7867169380188,7.27655649185181,12.8468599319458,7.65016889572144,9.7620964050293,7.64300346374512,13.2783937454224,15.0983219146729,10.8942174911499,12.6180734634399,12.8125886917114,13.1122903823853,12.0657348632812,12.2636528015137,12.1315593719482,11.3269815444946,11.2701406478882,13.852481842041,12.5035438537598,13.1569499969482,13.5484580993652,11.5518960952759,9.26112842559814,11.3395004272461,0,9.44746589660645,9.64924049377441,7.63675212860107,10.3286895751953,13.8495559692383,13.9810571670532,12.9290628433228,13.6951484680176,7.42535781860352,12.4008741378784,6.7250337600708,9.09795570373535,12.02037525177,12.1883106231689,13.8780422210693,12.8378868103027,13.7803268432617,14.2874364852905,9.80791187286377,6.17378616333008,11.4685974121094,16.5507888793945,14.1427097320557,NA,17.1760768890381,14.0413131713867,13.5116109848022,16.9316425323486,16.07080078125,14.637321472168,16.1147346496582,16.7125701904297,14.3484601974487,13.8452310562134,10.7757215499878,13.5496730804443,14.7645959854126,15.7892236709595,11.3833856582642,8.85836887359619,11.964204788208,12.733660697937,12.4181232452393,12.9465637207031,11.6363544464111,13.4409408569336,14.3908405303955,13.7717008590698,11.69069480896,3.89182019233704,8.79026889801025,4.55387687683105,13.3563079833984,11.0285148620605
15.0426635742188,13.8193120956421,13.6725521087646,13.1284866333008,0,11.2967329025269,13.23752784729,13.7833271026611,11.2878427505493,9.01626968383789,8.80732250213623,10.0869331359863,10.3980312347412,11.4234056472778,10.0269870758057,7.31521844863892,11.6425228118896,9.72663116455078,7.47193193435669,11.7245788574219,8.04622936248779,9.68009376525879,11.5591793060303,10.2431335449219,11.4799995422363,12.0924730300903,11.1130743026733,9.84352493286133,10.0693836212158,10.3630619049072,10.1034030914307,11.3552770614624,10.3987016677856,9.79300308227539,13.2278814315796,9.11360931396484,10.834469795227,9.82151794433594,10.6263637542725,7.99023818969727,10.164119720459,9.53668975830078,11.4524745941162,10.4699649810791,10.8255815505981,11.3419828414917,9.56731510162354,11.1049118041992,14.9106903076172,17.0608997344971,9.1922779083252,9.43348407745361,12.988091468811,10.7444725036621,14.3515367507935,13.062331199646,12.7910223007202,11.6752481460571,14.0203456878662,10.4335269927979,11.6922092437744,11.3414611816406,13.1284427642822,11.1213340759277,10.5916471481323,11.3134622573853,10.2951240539551,9.83809566497803,9.8869514465332,9.51480579376221,6.63594675064087,11.3842163085938,10.5830173492432,11.5164289474487,10.1111516952515,10.3298654556274,10.0797910690308,10.5399055480957,10.1048355102539,5.53338956832886,7.02820158004761,12.610203742981,8.24380874633789,11.0132703781128,8.8555212020874,14.2088041305542,15.9655275344849,11.985258102417,12.3498306274414,14.1454153060913,14.0059967041016,12.0655565261841,13.2058792114258,11.8999147415161,11.7976980209351,11.4166564941406,14.3069295883179,12.5409545898438,13.5023851394653,14.7841949462891,11.4009208679199,9.80504703521729,11.4821882247925,6.75460386276245,10.1061019897461,10.4341449737549,6.82437372207642,11.118444442749,14.3762407302856,14.3396329879761,13.7309398651123,14.6751136779785,7.51588916778564,13.5567932128906,8.8525218963623,9.98626518249512,13.0648765563965,13.0545101165771,14.3415479660034,13.8442544937134,14.6045475006104,14.7788639068604,11.2505989074707,8.72631931304932,9.64885330200195,16.9924945831299,15.6874341964722,17.6206092834473,NA,15.0673847198486,14.3690061569214,17.3274192810059,17.1855144500732,14.9304265975952,16.3165321350098,17.3396663665771,16.7450542449951,15.2922430038452,12.1629037857056,14.968168258667,16.1335182189941,16.8560829162598,12.3142051696777,10.6633815765381,13.6047868728638,14.4035120010376,14.4940919876099,14.6932277679443,13.6799430847168,15.1489858627319,15.6638240814209,14.715558052063,12.7013053894043,5.60580205917358,8.19257068634033,8.37539958953857,10.6215467453003,8.98243522644043
8.68794822692871,9.63776302337646,10.6337375640869,8.70516586303711,0,8.78324317932129,10.838207244873,11.055814743042,8.2643632888794,2.30258512496948,6.57646942138672,4.44265127182007,1.60943794250488,5.38907194137573,6.64898443222046,0,7.23201036453247,0,0,8.8928861618042,5.86078643798828,3.36729574203491,7.51479959487915,8.61848545074463,7.93737459182739,6.82437372207642,9.60985469818115,4.02535152435303,4.72738790512085,5.48893785476685,3.7376697063446,5.04985618591309,7.34601020812988,6.74993133544922,9.84955883026123,2.63905739784241,6.8617115020752,6.43935060501099,8.2487907409668,5.84643888473511,2.7725887298584,3.33220458030701,5.17614984512329,0,5.7868971824646,5.33271884918213,0,8.02059936523438,10.7626791000366,13.0656642913818,7.35883092880249,4.14313459396362,5.20948600769043,0,6.05208921432495,4.24849510192871,6.42486906051636,3.40119743347168,7.25911617279053,0,0,5.19849681854248,8.83375453948975,2.56494927406311,3.7376697063446,4.04305124282837,7.06133413314819,6.73815250396729,9.56626510620117,1.60943794250488,4.71849870681763,0,8.89973068237305,6.20657587051392,4.44265127182007,5.65599203109741,4.45434713363647,8.26255893707275,4.4188404083252,0,3.29583692550659,3.33220458030701,0,9.16083526611328,0,10.388503074646,11.5148239135742,8.04814910888672,11.8773250579834,8.51278305053711,10.1863327026367,9.2597017288208,9.1932954788208,10.7075719833374,7.59890031814575,8.37747097015381,11.3897294998169,9.74806118011475,10.3511180877686,11.4402475357056,8.6983470916748,7.09423494338989,7.21376848220825,0,0,4.35670900344849,0,5.90536165237427,9.03396129608154,9.03955173492432,7.87054777145386,10.088264465332,0,8.09712219238281,3.04452252388,0,6.96602439880371,7.90728378295898,9.31199359893799,8.98644638061523,9.99711418151855,10.135947227478,5.64190721511841,0,4.31748819351196,11.7330322265625,11.1523857116699,13.4432058334351,14.2587728500366,NA,9.57741069793701,14.3110599517822,12.237343788147,10.1585559844971,11.7875986099243,13.2686653137207,11.7467164993286,10.7157945632935,6.30444860458374,10.6989879608154,11.6075353622437,11.3071432113647,9.58383274078369,9.86791229248047,11.1451177597046,10.539270401001,9.79445362091064,10.3390617370605,10.6158981323242,11.5919494628906,11.8504047393799,10.684760093689,8.75210762023926,0,0,0,7.2225661277771,6.33327960968018
10.6950759887695,10.7421197891235,10.928201675415,9.81093311309814,0,8.61068344116211,8.71899032592773,11.6486797332764,8.9061222076416,5.3132061958313,5.47227048873901,6.51767110824585,7.84502458572388,8.94715595245361,4.91998100280762,3.09104251861572,9.47654342651367,4.54329490661621,0,8.48280906677246,7.26122522354126,5.73334121704102,8.85893726348877,6.1923623085022,8.72095012664795,9.2520580291748,7.54802894592285,7.03350639343262,5.88332223892212,3.82864141464233,4.91265487670898,8.38251781463623,4.99043273925781,5.11799383163452,10.857536315918,1.60943794250488,7.71779632568359,5.86929702758789,7.26961660385132,4.60517024993896,6.4297194480896,4.77068471908569,7.70885944366455,7.00397396087646,7.20934009552002,7.78986835479736,5.3423342704773,8.64188575744629,12.3258399963379,14.3289451599121,8.69013786315918,3.78418970108032,8.70764827728271,7.40610361099243,10.6627969741821,9.37271404266357,8.21066761016846,7.67322301864624,11.5531358718872,4.66343927383423,9.16345882415771,6.60934925079346,9.77888774871826,8.0827112197876,6.91968393325806,8.87108421325684,6.2934193611145,6.45519876480103,8.56997585296631,8.32433605194092,5.84932470321655,0,6.39526176452637,7.04925489425659,5.59842205047607,7.63191652297974,7.34601020812988,7.50714111328125,9.18204402923584,1.7917594909668,6.36475086212158,4.20469284057617,4.34380531311035,8.26924419403076,2.83321332931519,10.2783212661743,13.0984764099121,8.91623783111572,9.91299247741699,11.9440650939941,11.1538047790527,8.32069110870361,9.59872722625732,9.0132303237915,8.63763904571533,8.29054355621338,11.1944818496704,7.26332950592041,10.1836538314819,9.76726722717285,8.76358413696289,7.37775897979736,8.17018604278564,0,5.69373226165771,4.46590805053711,0,7.8320140838623,10.5110769271851,9.4314022064209,8.68101119995117,10.843318939209,0,10.3739595413208,3.93182563781738,5.8200831413269,9.60008239746094,9.91442775726318,11.0159206390381,9.58073043823242,10.671648979187,9.58259296417236,3.68887948989868,0,6.96602439880371,13.548002243042,12.1808834075928,14.522385597229,14.7164888381958,11.501389503479,NA,13.8612451553345,14.1416454315186,11.1583766937256,13.1054754257202,15.8007917404175,11.9237565994263,11.7968406677246,8.57130241394043,12.3609972000122,12.8307723999023,12.6487722396851,9.17232704162598,0,8.21446514129639,9.78599834442139,9.29550838470459,9.41499423980713,7.81237840652466,10.5412015914917,11.0698671340942,11.847846031189,9.8082971572876,4.29045963287354,5.72358512878418,0,7.81762552261353,7.6152982711792
13.411153793335,14.0375232696533,14.1202001571655,12.8625841140747,0,11.4632625579834,13.3752040863037,13.3988628387451,11.1507930755615,7.96485090255737,9.2107400894165,10.4405364990234,9.96166229248047,11.2587556838989,9.0945930480957,6.74405908584595,11.8394479751587,9.65367889404297,8.7557373046875,12.1018285751343,9.53885269165039,9.20823860168457,10.9301204681396,10.4204044342041,11.6037616729736,11.7263422012329,10.3960781097412,9.70241165161133,9.25013828277588,9.9107608795166,9.98086547851562,10.5372295379639,11.273042678833,9.58555221557617,12.5005874633789,10.8537540435791,11.0187931060791,9.07532215118408,11.242769241333,9.09862613677979,9.71908378601074,11.657320022583,10.3005170822144,9.90558528900146,9.97919750213623,11.6156358718872,9.95237255096436,10.3067502975464,14.3368425369263,16.3562183380127,9.49114894866943,7.79852294921875,12.5691556930542,9.71014595031738,13.2358274459839,11.9601078033447,11.4581422805786,11.4065418243408,12.9214096069336,9.50181484222412,11.3894805908203,10.5838031768799,13.3173217773438,10.5953340530396,9.61733722686768,10.7888650894165,9.0896406173706,10.1561126708984,8.76436614990234,8.64206218719482,7.167809009552,11.1721515655518,11.1060543060303,11.493426322937,8.52456569671631,9.8507719039917,11.323881149292,10.088098526001,9.17253494262695,6.55677843093872,6.5294189453125,10.2317113876343,8.0468692779541,11.7338428497314,8.97030448913574,13.6326007843018,15.0494709014893,11.1785011291504,12.4115695953369,13.2583389282227,12.8610172271729,11.5319528579712,12.7703065872192,12.5090436935425,10.786717414856,11.5158710479736,14.1514596939087,11.9712553024292,13.1674728393555,13.9328241348267,11.042441368103,6.98378992080688,10.5769424438477,5.4510383605957,9.34224510192871,7.91971969604492,4.45434713363647,9.83510208129883,14.0159959793091,13.0974025726318,12.5735139846802,13.5994491577148,6.04500532150269,12.2625045776367,6.98749017715454,7.20711898803711,11.890772819519,11.8213949203491,13.555248260498,12.7218675613403,13.4972839355469,14.1214637756348,9.94006061553955,8.61122989654541,8.50491809844971,15.331657409668,13.8872575759888,16.9694156646729,17.0205764770508,14.7712173461914,13.0939741134644,NA,15.2410287857056,14.4023361206055,15.8284587860107,16.2689437866211,15.089129447937,13.9607524871826,10.8662033081055,13.4489669799805,14.5530004501343,15.671838760376,13.1617803573608,10.8846292495728,12.5393323898315,12.808066368103,12.7614250183105,13.0919017791748,11.2907066345215,14.4093561172485,14.7953271865845,13.9862108230591,11.9146499633789,6.44254016876221,6.99576616287231,4.55387687683105,11.0195627212524,7.74932241439819
12.4748048782349,12.6050367355347,12.1514902114868,11.8690881729126,0,11.4143304824829,11.5251407623291,12.4339685440063,10.8034048080444,8.2712926864624,8.23031044006348,9.87148094177246,10.7372446060181,11.3846263885498,8.47824478149414,7.36518001556396,10.9661273956299,10.1351146697998,8.83433723449707,10.2893962860107,8.90054893493652,8.95260524749756,10.9783706665039,9.64218807220459,11.8554363250732,10.8402471542358,10.1517915725708,8.33615112304688,9.45548057556152,9.65143013000488,9.98681735992432,9.09133148193359,9.58169746398926,9.43938636779785,12.2500133514404,10.2476797103882,9.76491451263428,9.37636280059814,10.5767631530762,7.73324584960938,9.79378414154053,8.63568687438965,10.4363193511963,10.9198589324951,8.9270486831665,10.6110801696777,9.28683853149414,9.86697959899902,13.4555473327637,15.3835601806641,8.42112255096436,7.57095861434937,10.9907865524292,8.49535655975342,12.8120651245117,10.9357109069824,10.6733646392822,9.66103363037109,11.7341632843018,8.59378337860107,9.91190242767334,9.21263790130615,11.5885801315308,9.58939266204834,9.75283908843994,9.66389656066895,9.48029136657715,9.41205596923828,9.1468677520752,8.93629837036133,7.22037363052368,10.2163982391357,9.87416172027588,10.3891181945801,9.56507301330566,10.0790777206421,11.7339468002319,9.32687854766846,10.1517143249512,3.49650764465332,9.2610330581665,9.13637065887451,7.70255613327026,9.55810546875,10.9336786270142,12.8710470199585,13.7624444961548,10.3668441772461,10.9224433898926,12.26686668396,11.8008899688721,10.9024639129639,11.6782703399658,10.6779613494873,11.18115234375,10.4718647003174,12.9716939926147,10.6692581176758,12.2875146865845,12.8771018981934,11.1911211013794,8.0589599609375,10.9864273071289,4.9767336845398,9.13075542449951,9.01651287078857,4.6913480758667,10.1982440948486,12.813364982605,12.5538129806519,12.2596893310547,12.5241193771362,7.11963558197021,12.0900783538818,7.06219148635864,7.45007944107056,11.4606847763062,12.0460443496704,12.8738508224487,12.1188955307007,12.8751831054688,12.5448026657104,8.26101016998291,7.40062046051025,8.86629962921143,16.60325050354,14.2415218353271,16.1467704772949,17.111873626709,13.9261989593506,13.4076700210571,15.8390321731567,NA,13.7361927032471,14.6463470458984,16.4494094848633,13.8859481811523,13.5590257644653,11.7986831665039,13.5870609283447,14.5186710357666,14.5328807830811,10.7175903320312,8.30226612091064,11.1354789733887,12.1083002090454,12.0563535690308,12.4912776947021,10.8219356536865,12.8511657714844,13.3140478134155,12.8666524887085,11.4630098342896,7.10249948501587,6.23048162460327,4.74493217468262,9.47339630126953,8.62461185455322
10.567437171936,9.919508934021,8.19588565826416,10.374490737915,0,7.59689426422119,7.85902690887451,8.7109489440918,6.9186954498291,6.5132303237915,3.04452252388,6.60934925079346,6.60258769989014,12.6876497268677,5.25227355957031,3.68887948989868,8.65014934539795,6.06145715713501,0,6.87316370010376,0,6.05443954467773,5.50938844680786,7.56060123443604,7.53101634979248,8.4548921585083,6.29156923294067,6.03308629989624,5.26269006729126,6.03308629989624,8.54286098480225,6.71538352966309,10.5454988479614,4.55387687683105,9.31280708312988,11.1940832138062,7.03702783584595,6.31896829605103,8.74719333648682,5.82304573059082,4.67282867431641,2.70805025100708,7.3765082359314,6.72142553329468,5.73009967803955,8.49043846130371,6.7405195236206,5.37527847290039,11.7985029220581,13.5609855651855,6.25766754150391,5.37989711761475,7.8694019317627,4.34380531311035,10.6009006500244,8.96341609954834,6.58892631530762,7.9824161529541,7.95507431030273,3.95124363899231,6.32614946365356,5.3423342704773,8.81951713562012,6.13122653961182,6.53378868103027,6.86275768280029,6.53669166564941,2.83321332931519,4.8751974105835,6.30627536773682,1.60943794250488,6.33682584762573,8.25660705566406,8.08517837524414,5.61677122116089,4.79579067230225,5.98141431808472,6.5496506690979,6.06145715713501,0,4.40671920776367,5.28320360183716,4.92725372314453,8.93102359771729,5.87493085861206,10.4169101715088,11.8970785140991,6.5072774887085,9.34557056427002,9.1395959854126,9.37356376647949,6.87729597091675,8.43098163604736,8.28928852081299,6.13556480407715,6.8936562538147,9.32420444488525,6.28785848617554,8.45680618286133,9.894850730896,7.6251072883606,2.63905739784241,5.1119875907898,0,0,2.0794415473938,0,5.6698808670044,9.63076019287109,9.86931037902832,9.06172466278076,10.2043323516846,0,7.75147533416748,0,0,7.39510774612427,8.50996685028076,9.28878211975098,8.85680294036865,9.8877649307251,9.48128318786621,3.66356158256531,0,0,12.8774261474609,12.467921257019,14.4975824356079,14.5610589981079,10.867672920227,11.199200630188,13.2209539413452,13.3262586593628,NA,14.3010950088501,14.318678855896,12.1531467437744,12.1765975952148,9.08545684814453,12.4358339309692,13.2200164794922,12.4125909805298,8.37309169769287,6.30444860458374,8.62029075622559,7.9922685623169,8.71817302703857,7.95542526245117,6.8648476600647,9.06785488128662,11.7095031738281,10.7970008850098,9.32856750488281,0,2.63905739784241,0,5.85793304443359,3.58351898193359
11.934323310852,12.9403085708618,11.3403081893921,13.137318611145,0,8.36637020111084,12.0299911499023,11.6630334854126,9.6434850692749,6.31896829605103,6.3315019607544,8.60061454772949,8.91516399383545,11.154878616333,6.1717004776001,4.8520302772522,9.778151512146,8.3037519454956,9.70399951934814,9.35781192779541,6.33505439758301,7.43779516220093,9.53220653533936,9.26369190216064,11.1957874298096,9.60427284240723,9.93304634094238,8.1934003829956,6.51914739608765,9.68396282196045,11.1761789321899,7.95962524414062,9.09728336334229,9.07291603088379,11.3670091629028,8.99019241333008,10.0452041625977,7.52940654754639,10.9367790222168,7.1569561958313,8.30077743530273,3.04452252388,9.34801292419434,11.5753927230835,9.5554895401001,7.94342756271362,8.75305557250977,8.83840656280518,12.9900722503662,15.0587062835693,7.55955934524536,6.67708349227905,11.5451793670654,9.37415885925293,11.6814184188843,12.3090982437134,11.5975608825684,11.2013874053955,12.8279094696045,8.534836769104,10.1268711090088,9.9892520904541,11.9720897674561,9.94893836975098,9.36151504516602,9.87426471710205,9.46622180938721,9.52573490142822,7.75491046905518,7.81156826019287,5.90536165237427,12.0193395614624,10.4703912734985,10.5304946899414,8.1507568359375,8.09985828399658,9.20079517364502,8.60886001586914,7.81318712234497,7.07496309280396,5.72358512878418,8.65660762786865,7.39694881439209,11.9731817245483,5.80814266204834,12.2136936187744,13.407753944397,10.7788105010986,10.74294090271,11.9449739456177,12.1081018447876,9.80366706848145,11.2948818206787,10.7328901290894,9.58314418792725,9.141526222229,12.7086315155029,10.528115272522,11.4515075683594,12.5104713439941,8.54441928863525,3.29583692550659,8.67778015136719,0,5.17614984512329,5.5012583732605,3.49650764465332,7.82164335250854,11.8777494430542,11.8044300079346,11.373330116272,11.7857351303101,0,10.0111751556396,2.70805025100708,3.09104251861572,10.866452217102,10.1182355880737,11.4299354553223,11.4480991363525,12.1441440582275,12.5091876983643,7.41457271575928,3.13549423217773,8.98594570159912,14.2264604568481,12.5013360977173,16.0267848968506,15.5387964248657,12.6877641677856,12.3871603012085,15.3024997711182,14.4073657989502,14.8725748062134,NA,15.3693265914917,12.6632061004639,12.3678979873657,9.29366970062256,12.4085483551025,13.1056528091431,13.4517059326172,10.2498750686646,7.80954122543335,10.2991714477539,11.1978178024292,10.4380493164062,10.7402801513672,8.686936378479,11.0486974716187,12.9297876358032,12.0124635696411,10.1812705993652,1.60943794250488,4.02535152435303,0,10.0955533981323,5.82304573059082
14.4191980361938,12.1039400100708,13.0684671401978,11.9657573699951,0,11.5397424697876,11.2241096496582,12.9706678390503,10.2769460678101,7.69893598556519,8.45638084411621,8.99578475952148,10.0422487258911,10.6002035140991,8.42879867553711,9.13302707672119,10.7804756164551,9.42658042907715,6.95939874649048,11.2270812988281,9.19105529785156,10.2295122146606,12.2355194091797,10.070611000061,10.7880601882935,12.7433109283447,10.1342821121216,8.63497638702393,10.8318653106689,9.39299488067627,8.77709293365479,11.1986799240112,10.452995300293,9.35097122192383,13.4118127822876,8.81700134277344,9.82374095916748,7.91680765151978,10.2617559432983,10.0981903076172,10.454005241394,9.78323936462402,11.8861770629883,10.2401742935181,11.1103115081787,11.9680814743042,8.96380043029785,12.2149229049683,15.2391510009766,16.8041286468506,11.778507232666,8.93879413604736,9.39307880401611,9.16586589813232,13.2746829986572,11.9809770584106,11.5994329452515,10.9510173797607,12.645938873291,10.3202219009399,10.9654016494751,10.5681324005127,12.2526750564575,10.0315732955933,9.34958076477051,10.5232839584351,9.29385375976562,9.1116247177124,10.5447883605957,11.1830034255981,9.06067943572998,10.9725513458252,10.6721363067627,11.3106994628906,9.30383110046387,11.6262540817261,10.4176578521729,12.0125608444214,11.4569787979126,7.30720233917236,9.9674482345581,9.26785469055176,9.99652194976807,10.1429767608643,9.30465030670166,13.8759956359863,15.19993019104,12.3617467880249,12.6083631515503,12.9769887924194,13.5345258712769,12.0476160049438,12.9211282730103,11.3090944290161,13.02490234375,11.9143562316895,15.0649528503418,11.151782989502,13.7636852264404,13.6379127502441,11.508716583252,9.11569976806641,11.8063707351685,6.36475086212158,13.0072355270386,9.93556785583496,6.7799220085144,11.8966693878174,14.3727598190308,14.6441698074341,12.7028703689575,13.648886680603,7.31188631057739,13.5242805480957,8.94115257263184,9.07897758483887,12.8223257064819,12.3626317977905,14.0769662857056,13.4171934127808,13.4497356414795,13.6663818359375,8.55718326568604,7.2492151260376,8.86021518707275,15.8673906326294,14.5848541259766,16.5757350921631,16.7829837799072,13.8467235565186,15.8571634292603,15.8787889480591,16.0361080169678,14.3262500762939,15.5059423446655,NA,13.9202747344971,14.3673877716064,11.7771263122559,14.4457416534424,15.2471113204956,15.1772928237915,12.4201717376709,8.07930850982666,11.8878622055054,12.6611309051514,12.2914838790894,13.0790357589722,11.4310970306396,12.7580308914185,13.9355449676514,14.845778465271,13.5431442260742,7.48773384094238,9.72949123382568,7.20117092132568,9.74724292755127,10.2035551071167
11.6049299240112,12.128716468811,11.49684715271,8.93353271484375,0,8.50613212585449,10.2873201370239,11.0331783294678,9.36853981018066,4.94164228439331,4.58496761322021,5.30826759338379,6.26530122756958,7.67461729049683,5.45958566665649,7.09423494338989,7.8597993850708,9.12521839141846,3.52636051177979,9.33758926391602,6.16331481933594,4.78749179840088,8.79633903503418,6.0137152671814,8.69901466369629,9.42051982879639,6.72982406616211,6.5072774887085,7.506591796875,7.29233694076538,5.88053321838379,7.99867153167725,8.14873504638672,7.42117738723755,11.2278270721436,6.03787088394165,7.41517496109009,6.57088279724121,8.73165893554688,3.04452252388,5.37989711761475,7.31654834747314,9.50866603851318,7.34213161468506,6.62140560150146,8.0721549987793,5.7990927696228,8.28298854827881,12.714729309082,13.9749937057495,6.21660614013672,0,9.60021781921387,7.13966035842896,10.5858516693115,10.1156911849976,9.65348625183105,8.54208087921143,10.2249546051025,7.79523515701294,8.8563756942749,8.2943000793457,10.3599624633789,8.54830455780029,7.41216039657593,8.1146240234375,6.67834234237671,7.61775970458984,8.4375,6.64378976821899,4.14313459396362,9.14259624481201,8.31996059417725,6.98749017715454,5.67675399780273,6.14632940292358,6.13122653961182,6.11809730529785,7.85282802581787,0,3.21887588500977,5.59098720550537,5.55295944213867,7.49831581115723,5.44673728942871,10.9489974975586,13.1155643463135,8.69148254394531,10.1549463272095,12.1436281204224,11.9717988967896,9.9799394607544,10.2361669540405,9.36048316955566,8.82055187225342,8.2060375213623,11.3835792541504,10.4203453063965,10.6323394775391,12.1205368041992,9.34250831604004,5.12396383285522,7.9294867515564,6.96602439880371,6.30991840362549,7.13727855682373,4.00733327865601,7.75276470184326,11.5175447463989,11.5606288909912,11.0941925048828,11.5034408569336,0,10.4713544845581,4.1588830947876,5.9889612197876,10.0744953155518,9.91876983642578,11.4019269943237,10.6808376312256,11.9152126312256,12.1488304138184,9.13335132598877,8.40155792236328,7.54168319702148,13.5789222717285,12.6849279403687,14.3015651702881,16.2237796783447,12.2925758361816,10.9446296691895,15.0764904022217,13.7320880889893,11.8833503723145,13.5513277053833,14.2359800338745,NA,12.6245260238647,9.30373954772949,12.343358039856,13.4171085357666,14.6583585739136,9.45571517944336,9.2451286315918,11.9848022460938,13.2627038955688,13.5058660507202,13.1868019104004,10.7312526702881,13.4285736083984,13.705454826355,11.8186807632446,10.0735673904419,1.60943794250488,4.83628177642822,1.60943794250488,6.8046145439148,6.30444860458374
7.98412179946899,11.4750471115112,9.64510536193848,9.98916053771973,0,8.55043411254883,9.9425163269043,11.1939725875854,8.79845428466797,0,3.04452252388,6.94889736175537,3.97029185295105,8.64170932769775,3.80666255950928,0,6.30809831619263,3.91202306747437,2.89037179946899,9.32375812530518,5.03043794631958,3.33220458030701,8.00769996643066,4.36944770812988,8.85380840301514,10.5544052124023,6.94312238693237,4.31748819351196,7.98922157287598,7.0003342628479,6.92755794525146,5.24702405929565,8.88169765472412,5.83188247680664,9.0397891998291,6.17586708068848,4.4188404083252,4.1588830947876,8.08425426483154,4.95582723617554,4.21950769424438,8.01168632507324,9.57324600219727,6.22059011459351,6.36475086212158,9.40640068054199,4.24849510192871,9.69424724578857,12.6984090805054,14.2509937286377,8.18562889099121,7.6280312538147,9.61018943786621,6.93537044525146,11.3922824859619,10.6347246170044,9.76795387268066,6.88448667526245,10.1265907287598,3.178053855896,8.23880100250244,7.65491724014282,10.2872524261475,8.05864334106445,7.54327344894409,7.89729642868042,5.42495012283325,9.25454902648926,0,7.81762552261353,0,9.23766326904297,6.12686920166016,7.40367031097412,8.18868923187256,6.97821378707886,6.06842565536499,6.9546389579773,6.19847869873047,0,2.99573230743408,4.35670900344849,4.04305124282837,6.84694290161133,0,11.2478523254395,13.1082382202148,8.62425231933594,8.86756801605225,10.8922853469849,9.99264240264893,9.0528678894043,9.17159938812256,9.88195705413818,7.71289110183716,7.2004246711731,10.8179569244385,9.50977802276611,9.85440254211426,11.4524536132812,8.57016468048096,7.15305185317993,9.05122756958008,0,5.88053321838379,8.51978969573975,5.6698808670044,8.43076324462891,11.7031240463257,11.3697938919067,10.4852838516235,11.9513025283813,0,10.7359838485718,4.75359010696411,8.14438915252686,10.1211357116699,10.5931539535522,11.3457489013672,10.708288192749,11.7830591201782,11.4470739364624,7.40062046051025,8.17976093292236,9.01274299621582,12.9824047088623,13.5542612075806,14.1217212677002,14.7919368743896,11.9081783294678,11.8198585510254,13.5112934112549,13.7077674865723,11.6874418258667,13.0399942398071,14.9091596603394,12.6270799636841,NA,10.2191371917725,13.4679145812988,15.0218505859375,12.8842487335205,8.48776435852051,5.15329170227051,10.2648611068726,11.5368175506592,11.0463237762451,11.1385669708252,7.49164533615112,10.2599020004272,15.0544691085815,12.5469961166382,10.2207765579224,4.09434461593628,5.04985618591309,3.40119743347168,4.74493217468262,6.43454647064209
0,0,0,0,0,0,6.00141477584839,0,6.10255861282349,0,0,0,5.51342868804932,0,0,0,3.78418970108032,0,0,2.39789533615112,4.47733688354492,0,0,0,0,3.25809645652771,7.03878355026245,0,2.0794415473938,0,0,0,0,0,8.75526523590088,0,7.1731915473938,0,0,0,0,0,0,0,0,0,0,2.7725887298584,8.86770915985107,12.2264633178711,0,7.91498279571533,0,0,8.46400356292725,7.65444326400757,5.90808296203613,0,2.83321332931519,0,5.07517385482788,0,0,0,0,0,0,0,5.09375,2.70805025100708,4.06044292449951,0,0,6.99209642410278,0,0,0,9.3052864074707,0,0,0,0,0,0,0,7.31322050094604,11.5426006317139,0,6.58479118347168,0,0,0,0,0,0,0,3.43398714065552,0,3.43398714065552,7.85786771774292,0,0,0,0,0,0,0,0,4.24849510192871,1.7917594909668,0,8.02715015411377,0,0,0,0,0,2.39789533615112,0,6.18208503723145,9.95065689086914,7.02553844451904,0,0,0,9.15915203094482,11.2057752609253,11.4318017959595,12.0373344421387,9.65854549407959,4.18965482711792,10.3142385482788,9.24086952209473,11.1790180206299,10.8788957595825,12.6392335891724,7.22766256332397,10.0929088592529,NA,10.2894639968872,10.187650680542,11.2597351074219,2.0794415473938,0,5.51745271682739,8.26178455352783,6.88653182983398,9.66497611999512,0,7.50823879241943,10.7150173187256,7.65396928787231,3.13549423217773,0,0,0,0,0
9.49642086029053,9.48683547973633,7.26332950592041,9.04546546936035,0,7.63094663619995,8.96290397644043,9.77132701873779,8.57734680175781,0,0,8.59951019287109,8.09742641448975,8.65660762786865,5.58349609375,2.99573230743408,8.80086708068848,6.0137152671814,3.76120018959045,7.75104522705078,3.465735912323,8.10349464416504,8.46231460571289,7.64969253540039,7.71199655532837,8.80717277526855,12.3055238723755,5.84932470321655,7.91607809066772,6.61338424682617,5.60580205917358,5.15905523300171,8.70830917358398,7.01571226119995,9.25626945495605,4.91998100280762,6.4457197189331,4.36944770812988,6.86901426315308,3.36729574203491,5.01063537597656,4.82831382751465,8.26049327850342,7.00488185882568,7.25911617279053,9.4407377243042,4.76217412948608,8.75147438049316,13.3670806884766,14.480616569519,9.79277896881104,10.6903076171875,8.14815616607666,5.71702766418457,11.3906784057617,10.9071483612061,8.99094009399414,7.32580757141113,9.94534873962402,3.78418970108032,8.64011859893799,6.83625936508179,10.6904897689819,6.69456195831299,8.47595405578613,9.70118808746338,6.13339805603027,8.25374794006348,8.82099437713623,8.2534875869751,5.6594820022583,6.24804306030273,8.62891387939453,8.90462970733643,7.39878606796265,9.03539180755615,9.96918201446533,7.95647668838501,7.71868562698364,5.87773561477661,4.8751974105835,5.6594820022583,0,10.8826971054077,6.4831075668335,11.4700288772583,13.1403274536133,8.3184986114502,8.78920269012451,9.92983722686768,7.2991213798523,8.90027618408203,8.32044792175293,7.49665260314941,8.0962085723877,7.8192343711853,10.0352611541748,8.21338176727295,10.4531688690186,11.4711446762085,8.03073501586914,7.24779272079468,6.52502965927124,5.45958566665649,5.70044374465942,5.97126197814941,2.63905739784241,8.62515068054199,10.9751567840576,10.7161493301392,10.3235130310059,11.4374475479126,6.22455835342407,9.97933673858643,3.58351898193359,4.4188404083252,10.178463935852,8.74161624908447,11.2373428344727,11.5142450332642,10.6727848052979,12.2138175964355,8.110426902771,4.23410654067993,5.72031164169312,13.6868629455566,14.1453561782837,14.8270721435547,15.180492401123,11.1144008636475,11.1762628555298,13.5255994796753,14.26589012146,12.1121025085449,12.8657665252686,15.6957988739014,11.9489841461182,13.4367713928223,11.4710712432861,NA,15.1164627075195,12.8569202423096,7.45645475387573,0,8.59489440917969,10.3563766479492,9.73008632659912,11.3648891448975,7.24565505981445,10.4748907089233,12.0841703414917,11.7182874679565,9.5842456817627,0,4.53259944915771,2.30258512496948,6.59578037261963,8.07961845397949
9.93653583526611,11.9737367630005,10.7123041152954,11.6829128265381,0,9.43524265289307,10.6713018417358,12.1192560195923,8.33591079711914,4.9767336845398,6.24610662460327,6.07993316650391,5.82894563674927,10.0913772583008,5.6698808670044,4.5643482208252,9.94169807434082,4.74493217468262,5.44673728942871,10.2041473388672,4.55387687683105,7.44249248504639,9.38949012756348,7.03966045379639,8.54403018951416,10.3631563186646,11.3631372451782,5.23644208908081,7.43661737442017,7.16394662857056,6.97821378707886,7.29369783401489,10.2579050064087,7.6251072883606,10.0098276138306,8.61431980133057,7.63433742523193,6.78219223022461,8.1539249420166,6.49978685379028,6.92165803909302,7.894690990448,10.1688852310181,5.74939298629761,7.73017501831055,10.5102319717407,6.0867748260498,10.0052318572998,13.6015357971191,15.4338245391846,7.58629608154297,8.99764251708984,10.780101776123,8.90585136413574,12.1952085494995,11.4610738754272,10.86256980896,8.94832611083984,12.3947200775146,7.38894605636597,10.5441560745239,8.79163837432861,11.0510330200195,8.99031734466553,8.28853416442871,8.73359394073486,7.9294867515564,8.97347831726074,6.98749017715454,7.34471893310547,0,9.72734642028809,8.98029804229736,8.91031551361084,7.1577353477478,8.66991424560547,8.03268527984619,7.20489263534546,8.43533229827881,0,2.39789533615112,6.10702276229858,6.79346609115601,9.55059146881104,5.0434250831604,11.7498931884766,13.8311128616333,9.89952945709229,10.4838018417358,11.497181892395,11.4007863998413,10.20348072052,10.858190536499,9.04546546936035,9.91343784332275,9.64322566986084,12.5762042999268,10.2062921524048,11.2621927261353,12.1952037811279,10.2268381118774,5.54907608032227,8.59951019287109,4.43081665039062,7.56164169311523,8.14670944213867,1.60943794250488,9.64730453491211,12.2618856430054,13.2622108459473,11.9223890304565,12.4022064208984,7.08422660827637,12.0157775878906,4.72738790512085,7.00397396087646,11.0157232284546,10.7699155807495,12.5919504165649,12.0942468643188,12.7195997238159,12.3990955352783,8.20794677734375,4.34380531311035,9.10808658599854,14.5582637786865,15.027271270752,14.9743328094482,15.7400636672974,12.5898303985596,12.6902961730957,14.6983823776245,14.6525897979736,12.6355533599854,14.2080211639404,15.6397714614868,13.5801687240601,15.0959892272949,11.7134389877319,15.2053442001343,NA,14.0286417007446,9.18789005279541,6.82762908935547,11.0690727233887,11.7391204833984,11.735764503479,12.2141103744507,9.71038818359375,12.5382499694824,12.8805818557739,13.4166812896729,11.4553174972534,5.06259489059448,6.1377272605896,4.23410654067993,7.13329601287842,7.10742568969727
12.7540636062622,11.5591220855713,11.2743511199951,11.519305229187,0,9.89817333221436,10.5398263931274,11.7951526641846,9.66147994995117,5.85507202148438,6.32972097396851,7.87397861480713,8.74464702606201,8.96890544891357,7.17930793762207,3.98898410797119,9.90663242340088,7.77821159362793,3.93182563781738,9.21353530883789,6.39692974090576,5.62040090560913,9.45907402038574,7.6662220954895,10.0927848815918,10.1873874664307,9.31208419799805,8.81936931610107,7.97246599197388,7.4866132736206,6.9555926322937,9.5687141418457,8.51759338378906,7.62754440307617,11.3162899017334,6.11589193344116,7.22475337982178,8.83054256439209,8.88640880584717,5.88610410690308,7.57404518127441,6.21059989929199,10.1332893371582,7.86441993713379,7.98343992233276,9.7954568862915,6.95939874649048,9.125,13.0899515151978,15.3748979568481,9.49949645996094,3.63758611679077,11.4460372924805,8.39208316802979,12.9859619140625,11.2726354598999,11.6591358184814,10.7321701049805,12.5020503997803,9.10586833953857,10.5178890228271,9.9689474105835,11.2944955825806,9.5085916519165,9.21433258056641,9.85623836517334,9.24348449707031,8.99317932128906,10.2206315994263,7.97899627685547,7.96901178359985,10.3377017974854,9.40951919555664,8.60611915588379,8.13123607635498,8.81626033782959,8.82423686981201,7.69484806060791,8.66371440887451,4.4188404083252,4.78749179840088,6.53669166564941,5.16478586196899,11.1167669296265,6.78105783462524,13.8630933761597,14.604585647583,10.9126129150391,10.3114166259766,12.0395221710205,12.1889419555664,10.1231050491333,10.9224977493286,11.0447282791138,10.2250995635986,10.7067441940308,12.8685874938965,9.92397594451904,12.1127672195435,12.9929285049438,9.22601699829102,7.91315507888794,9.92221069335938,5.3844952583313,11.5485334396362,8.43446350097656,2.39789533615112,9.55534744262695,14.1151723861694,12.4606800079346,11.8445138931274,12.8666009902954,5.72031164169312,12.0737009048462,5.92692613601685,7.1731915473938,11.7506189346313,11.2205123901367,13.1179580688477,12.6545906066895,12.9001569747925,13.06920337677,8.88710021972656,7.80954122543335,8.18339729309082,14.0638189315796,13.204628944397,15.4120903015137,16.1882190704346,12.5324764251709,11.6503629684448,15.456826210022,14.1160087585449,12.8184566497803,13.9171543121338,15.4512577056885,14.3627614974976,12.9656744003296,9.92588520050049,12.7242889404297,13.7342691421509,NA,9.50844287872314,8.31262588500977,11.9679489135742,12.6087207794189,12.3823757171631,12.8451910018921,10.0710763931274,12.5552597045898,13.3101005554199,12.9127721786499,11.2501049041748,0,6.7799220085144,6.59578037261963,7.33040523529053,7.79441118240356
5.48479700088501,0,10.6868410110474,5.7268476486206,0,3.13549423217773,4.34380531311035,6.69579887390137,4.38202667236328,0,0,0,0,0,0,0,0,0,0,0,4.86753463745117,0,2.99573230743408,0,3.95124363899231,6.62671756744385,0,0,0,0,2.0794415473938,0,0,2.56494927406311,4.81218433380127,0,0,0,5.9215784072876,0,0,3.21887588500977,0,0,6.5132303237915,0,0,3.66356158256531,7.6152982711792,10.8069972991943,0,0,0,0,0,4.94876003265381,2.83321332931519,1.60943794250488,0,0,1.60943794250488,3.465735912323,0,0,0,0,0,0,0,0,0,0,0,0,0,0,0,0,0,0,0,0,0,0,0,5.17048406600952,8.49269580841064,6.36990118026733,6.16961050033569,4.75359010696411,7.88495302200317,4.70953035354614,7.1884126663208,5.8051347732544,6.51767110824585,6.04025459289551,8.42178344726562,3.36729574203491,8.4941291809082,6.92264366149902,5.15905523300171,0,0,0,0,0,0,0,5.35185813903809,3.09104251861572,0,3.465735912323,0,1.7917594909668,0,0,3.09104251861572,5.05624580383301,10.4627885818481,3.66356158256531,2.99573230743408,0,0,0,5.15329170227051,9.93745422363281,8.63159275054932,10.8781976699829,12.1594524383545,8.94337558746338,7.01301574707031,12.4878511428833,9.72346305847168,3.85014748573303,6.67456150054932,11.3935670852661,8.09651279449463,6.25958156585693,2.30258512496948,9.83365535736084,8.8331708908081,8.07340335845947,NA,0,5.35658645629883,8.46294784545898,0,4.96981334686279,0,2.89037179946899,9.03895854949951,6.91770553588867,2.63905739784241,0,0,0,0,0
0,4.68213129043579,4.07753753662109,0,0,0,7.82484579086304,9.02087306976318,0,0,0,0,0,0,0,0,0,0,0,0,0,0,0,0,0,0,0,0,0,0,0,0,0,0,0,0,0,0,0,0,0,0,0,0,0,0,0,0,0,8.00636768341064,0,0,2.7725887298584,0,0,2.7725887298584,0,3.49650764465332,0,0,0,0,0,0,0,0,0,1.7917594909668,0,0,0,8.09985828399658,0,0,0,0,0,0,0,0,0,0,0,0,0,0,9.35712146759033,0,0,0,0,3.52636051177979,0,0,0,0,5.95842456817627,1.60943794250488,0,6.70073127746582,0,0,0,0,0,0,0,0,0,0,0,0,0,0,0,0,0,0,0,8.129469871521,0,10.0994243621826,0,0,0,5.15329170227051,5.28320360183716,9.3764476776123,10.3935699462891,8.91958713531494,1.60943794250488,10.5889301300049,8.63319683074951,0,9.22817993164062,6.89467000961304,8.842604637146,7.5443320274353,0,7.42654895782471,9.19532871246338,7.67368793487549,4.8520302772522,NA,0,10.5666131973267,8.78874588012695,8.914626121521,10.3603105545044,9.64717483520508,0,2.4849066734314,0,0,0,0,0,0
0,10.1993608474731,10.2736711502075,9.17440223693848,0,0,9.63187599182129,10.4579763412476,3.61091780662537,0,0,0,0,0,0,0,0,0,0,0,2.56494927406311,0,0,0,0,0,0,0,0,0,0,0,0,0,0,0,0,0,4.49980974197388,0,0,0,0,3.52636051177979,0,0,0,0,9.20291328430176,11.1046714782715,0,5.0434250831604,9.65912055969238,1.94591009616852,3.25809645652771,5.35658645629883,8.56407642364502,6.77878475189209,7.56164169311523,4.44265127182007,7.54697418212891,3.49650764465332,6.60665035247803,3.29583692550659,0,5.21493577957153,0,8.47678756713867,0,0,0,12.0866470336914,0,4.27666616439819,0,5.15329170227051,0,0,1.60943794250488,0,0,1.7917594909668,0,0,0,7.76259613037109,10.7170810699463,0,9.52609920501709,0,0,9.88165092468262,7.73324584960938,0,3.7376697063446,0,10.2567462921143,10.0842666625977,0,8.0989465713501,0,0,0,0,0,0,0,8.50471591949463,5.24702405929565,0,7.0308575630188,0,0,7.44483327865601,0,1.94591009616852,9.57122611999512,0,8.2712926864624,10.8329706192017,0,11.6132507324219,0,0,0,9.74542903900146,8.41116619110107,11.2042646408081,12.0601854324341,11.1553926467896,6.7833251953125,11.6912221908569,10.5273914337158,8.20056247711182,10.6044788360596,10.9282379150391,10.5053958892822,9.42770767211914,3.7376697063446,7.40488767623901,9.37075710296631,9.5895299911499,7.31055021286011,0,NA,12.3929882049561,11.2425851821899,11.665732383728,12.2811193466187,12.0305757522583,0,8.73520374298096,5.48479700088501,0,0,0,0,0
0,11.4450960159302,8.19284725189209,9.74578094482422,0,0,10.1086301803589,11.1806221008301,7.40062046051025,4.4188404083252,0,0,0,0,0,0,0,0,0,0,5.49716806411743,0,0,0,0,0,0,0,0,0,0,0,0,0,0,0,2.7725887298584,0,8.62209320068359,0,0,0,0,6.41836500167847,0,0,0,0,10.9818630218506,11.4609689712524,0,5.7397928237915,6.71417045593262,7.79934358596802,9.47201251983643,8.60190200805664,9.26643753051758,8.44031238555908,9.72340393066406,6.79346609115601,7.56268119812012,7.70165252685547,8.97106742858887,7.86710548400879,5.62040090560913,7.68891334533691,6.83625936508179,8.84635257720947,0,5.31812000274658,0,12.2843246459961,0,7.21744346618652,0,6.28785848617554,5.1059455871582,4.55387687683105,6.29710912704468,0,4.49980974197388,5.91889381408691,0,7.00760078430176,0,7.3427791595459,11.7738428115845,0,9.81623935699463,0,0,9.19339752197266,7.3185396194458,0,5.85220241546631,0,10.4305801391602,9.80045795440674,0,11.1746234893799,0,0,0,0,0,0,0,6.90675497055054,9.47255039215088,0,9.81022071838379,0,0,8.7264814376831,0,6.30809831619263,9.58665084838867,0,10.093487739563,10.9878826141357,0,13.1642570495605,0,0,0,11.5569133758545,11.2634506225586,12.5043754577637,14.0981912612915,11.5438423156738,9.89585876464844,12.8534660339355,12.1254043579102,9.59123992919922,11.3802051544189,12.4506492614746,13.1394643783569,11.6948719024658,8.56522083282471,10.6230573654175,11.6489238739014,11.7300672531128,9.12205505371094,0,0,NA,13.0264186859131,13.2135581970215,12.8590278625488,13.1021137237549,0,10.6207418441772,8.32385158538818,0,7.34923076629639,0,0,0
4.30406522750854,10.9343204498291,9.7843656539917,10.0900087356567,0,6.2672004699707,9.71854209899902,10.7926740646362,7.52940654754639,0,0,4.44265127182007,5.17048406600952,6.65286302566528,0,0,4.91998100280762,6.3526291847229,0,8.01035976409912,0,0,7.73848819732666,5.90808296203613,5.9322452545166,8.29004192352295,6.64768838882446,3.76120018959045,6.39859485626221,5.58349609375,0,8.00068473815918,6.04737234115601,5.50533151626587,9.82541751861572,0,3.33220458030701,1.7917594909668,6.84054660797119,0,3.465735912323,0,8.36915683746338,6.52209281921387,7.68109893798828,5.6383547782898,0,2.89037179946899,10.5799207687378,12.7092542648315,0,0,7.78155612945557,3.09104251861572,10.4497575759888,7.43484783172607,8.45361423492432,7.30720233917236,8.52635097503662,4.96284484863281,6.56385564804077,7.19142913818359,9.00920295715332,5.6240177154541,3.66356158256531,4.06044292449951,5.97380971908569,6.10479307174683,6.29894924163818,3.465735912323,0,10.9362983703613,4.94876003265381,0,5.17614984512329,6.22653675079346,7.44658517837524,7.55118703842163,0,0,0,0,1.94591009616852,8.61013698577881,0,9.83408355712891,11.704553604126,6.2441668510437,9.71890354156494,11.3975706100464,10.1490573883057,9.3394365310669,10.3420648574829,10.6154317855835,6.13122653961182,7.38087892532349,10.9249305725098,10.16184425354,10.1080188751221,11.3360691070557,8.60977268218994,8.45340061187744,8.49453830718994,0,0,0,7.15070152282715,7.50823879241943,9.45265865325928,11.2665386199951,9.81378173828125,8.84217071533203,4.70953035354614,8.71817302703857,1.60943794250488,4.00733327865601,10.3781051635742,9.86967182159424,8.75494956970215,10.252911567688,8.94415855407715,11.7061624526978,9.67256355285645,8.84057998657227,9.83258247375488,11.4028873443604,10.481616973877,12.5480089187622,14.0387687683105,11.2092628479004,8.39117622375488,13.0856351852417,11.6545724868774,7.82644319534302,10.8185977935791,11.9732322692871,13.2988157272339,11.4865303039551,6.40025758743286,9.80978107452393,11.752194404602,11.9109230041504,7.87397861480713,9.30054664611816,11.1902513504028,13.2564888000488,NA,12.1935195922852,12.3394575119019,12.8305234909058,14.7299203872681,9.83386993408203,7.25205373764038,0,0,0,0,0
3.40119743347168,10.4942417144775,11.9372453689575,10.2286462783813,0,9.53053760528564,10.4698514938354,10.2973518371582,4.02535152435303,0,4.59511995315552,0,0,7.63578701019287,0,0,0,0,0,8.00903034210205,4.09434461593628,4.00733327865601,3.71357202529907,6.96790933609009,8.55178737640381,5.51342868804932,7.41517496109009,0,0,6.12686920166016,0,0,0,0,9.36254596710205,0,0,0,5.48479700088501,0,5.15329170227051,0,6.33505439758301,3.09104251861572,2.30258512496948,0,4.96981334686279,5.78382539749146,11.1266012191772,12.7804508209229,0,0,9.45532321929932,2.0794415473938,11.4587230682373,7.38770914077759,8.18088054656982,6.17586708068848,8.78048038482666,5.41610050201416,0,6.46146821975708,8.32433605194092,4.45434713363647,0,4.65396022796631,2.7725887298584,7.96658658981323,3.93182563781738,0,0,10.4798202514648,0,3.04452252388,4.38202667236328,7.09837579727173,0,0,4.43081665039062,0,0,1.94591009616852,0,10.6721134185791,0,9.38965702056885,12.1695489883423,3.71357202529907,10.190881729126,10.7281675338745,10.7528047561646,9.32652187347412,9.66940975189209,10.4978084564209,4.06044292449951,4.8903489112854,10.3397731781006,9.07176780700684,9.14878368377686,11.6775331497192,4.44265127182007,7.18083143234253,8.82129001617432,0,0,0,5.15329170227051,7.13727855682373,9.04085636138916,11.2808542251587,9.43268394470215,7.08506441116333,0,9.31560134887695,0,7.98104953765869,8.69651031494141,7.09920167922974,10.390962600708,10.2692756652832,0,12.7161684036255,10.0567235946655,8.37424659729004,9.5042028427124,11.8355445861816,12.1079912185669,12.6898832321167,14.4089345932007,11.2705354690552,11.082127571106,12.9667263031006,12.7039098739624,8.91717624664307,11.3047571182251,13.4292659759521,12.9006214141846,12.357892036438,9.9892520904541,11.1121044158936,12.5281782150269,11.7343635559082,8.3049898147583,8.8004150390625,12.1326732635498,13.6289072036743,12.4291000366211,NA,12.2637844085693,13.0332326889038,14.7512340545654,10.0071716308594,7.14991664886475,0,0,0,0,0
10.6432323455811,11.1576919555664,9.46428489685059,10.8534450531006,0,8.85452175140381,9.21144008636475,12.3418006896973,6.1441855430603,3.85014748573303,0,3.29583692550659,6.74523639678955,8.34664249420166,7.13409376144409,0,7.26752519607544,6.63463354110718,0,7.3752555847168,0,5.76519107818604,7.55955934524536,5.17048406600952,7.45645475387573,8.47616291046143,6.42486906051636,0,1.60943794250488,6.07534599304199,6.13556480407715,0,6.07993316650391,5.89715385437012,10.8517227172852,7.01121377944946,0,0,5.75574207305908,0,0,0,8.41183280944824,0,3.33220458030701,7.14203643798828,6.9007306098938,7.65159559249878,11.1449003219604,13.2370147705078,0,0,8.68929576873779,0,9.32696723937988,8.1461296081543,10.8126125335693,4.17438745498657,10.1737432479858,4.59511995315552,9.11756706237793,8.54558658599854,9.11482048034668,5.73334121704102,4.96284484863281,9.33052062988281,4.98360681533813,0,0,0,0,11.731032371521,0,0,4.29045963287354,0,0,8.11072731018066,0,0,0,0,6.76157283782959,9.8480806350708,0,10.1678886413574,12.068751335144,6.4329400062561,9.74624919891357,12.6841716766357,11.6643238067627,10.3388671875,9.8331184387207,11.029390335083,6.44413137435913,5.96614694595337,10.6556348800659,10.7458086013794,0,12.5523958206177,7.60638761520386,6.66440916061401,8.25582885742188,0,0,7.66949510574341,0,9.6499490737915,9.2293586730957,11.2160005569458,9.76686573028564,0,0,8.94533252716064,0,8.27435684204102,10.148549079895,9.65278053283691,10.8733186721802,10.6518325805664,0,12.8427658081055,9.49927139282227,8.96763134002686,7.40974187850952,10.964207649231,9.44730758666992,12.9536724090576,13.9971046447754,11.7421064376831,8.14554977416992,13.7592906951904,11.7096843719482,7.97625207901001,11.6084632873535,12.2108211517334,11.5714588165283,9.65303707122803,1.60943794250488,9.57927989959717,11.0820198059082,10.5328426361084,6.96696710586548,10.4539184570312,12.0666837692261,12.6874113082886,12.4610481262207,12.554928779602,NA,12.0448179244995,14.6824102401733,9.49145126342773,7.63916110992432,0,0,0,0,0
6.13122653961182,11.3930377960205,10.8197183609009,9.70088195800781,0,9.97053813934326,9.36751461029053,11.6736745834351,6.08449935913086,0,3.93182563781738,1.94591009616852,0,8.65903949737549,5.88610410690308,2.94443893432617,8.64734363555908,2.39789533615112,5.43372201919556,11.4411392211914,6.50876903533936,6.10924768447876,9.07817935943604,9.6064281463623,7.3192024230957,8.23057746887207,11.7580814361572,6.5072774887085,2.7725887298584,5.54907608032227,0,2.70805025100708,6.43133115768433,5.74939298629761,10.5023517608643,3.21887588500977,6.3315019607544,5.45958566665649,5.87773561477661,0,4.63472890853882,5.6240177154541,7.87511920928955,6.58755016326904,7.22548151016235,8.58410358428955,6.30078601837158,6.03787088394165,11.0274105072021,13.4120540618896,0,0,8.14873504638672,4.53259944915771,8.70599365234375,7.39633512496948,8.6536455154419,9.04958438873291,7.48549175262451,2.4849066734314,5.34710741043091,6.0935697555542,8.37193584442139,8.4091625213623,3.43398714065552,4.79579067230225,4.31748819351196,2.99573230743408,5.07517385482788,0,8.56484031677246,10.7358751296997,5.27299976348877,5.37063789367676,2.83321332931519,0,7.69120025634766,5.57594919204712,5.3423342704773,0,0,0,5.19849681854248,11.6178617477417,2.7725887298584,9.77945423126221,10.6867952346802,6.55393362045288,9.3909101486206,11.6515302658081,12.8272590637207,9.37390422821045,9.14984703063965,9.48933506011963,7.50768995285034,8.3950252532959,10.3863458633423,9.9575023651123,10.4611015319824,12.2631330490112,9.20301342010498,7.45182228088379,7.45587682723999,2.7725887298584,2.70805025100708,8.84375953674316,2.39789533615112,8.35772800445557,8.63248443603516,11.6761665344238,8.82379531860352,7.07665395736694,5.69373226165771,9.6683349609375,0,0,9.93076229095459,7.33432912826538,9.19461727142334,9.23141670227051,7.08086776733398,11.0494918823242,7.12125253677368,8.6882848739624,5.73009967803955,11.6090803146362,10.4827098846436,13.2056379318237,14.4225902557373,12.102560043335,9.05333518981934,14.6002979278564,11.9775524139404,8.59267139434814,11.1157112121582,12.7803573608398,12.8327512741089,11.1062345504761,5.60211896896362,10.3767356872559,11.6134767532349,12.6907920837402,8.58035564422607,9.96317100524902,11.9530563354492,12.8760356903076,12.4857931137085,12.8487396240234,11.6044921875,NA,14.9130458831787,10.5265340805054,6.75925540924072,2.63905739784241,0,0,5.58724880218506,5.49716806411743
0,12.0057907104492,7.32383060455322,12.1715068817139,0,0,11.2435026168823,12.4618148803711,7.64204454421997,3.43398714065552,0,0,0,0,0,0,0,0,0,0,6.6833610534668,0,0,0,0,0,0,0,0,0,0,0,0,0,0,0,4.30406522750854,0,7.77359437942505,4.78749179840088,0,0,0,4.98360681533813,0,0,0,0,11.5015411376953,13.5690040588379,0,5.7714409828186,10.0631799697876,6.91174745559692,10.3920059204102,9.9741325378418,9.04735088348389,8.53875923156738,8.82084655761719,0,8.4826021194458,8.35113906860352,10.2169103622437,7.72356224060059,3.49650764465332,7.8567066192627,6.33505439758301,11.9430246353149,0,6.33859395980835,0,15.5242309570312,0,6.77878475189209,0,9.07360363006592,6.38012266159058,4.06044292449951,4.33073329925537,0,2.94443893432617,5.58724880218506,0,5.46806001663208,0,4.77912330627441,14.9156093597412,0,10.9468688964844,0,0,9.07749462127686,7.92334842681885,0,8.28248310089111,0,10.1549072265625,11.4350719451904,0,13.3454990386963,0,0,0,0,0,0,0,8.01631832122803,11.5759563446045,0,10.9396743774414,0,0,11.2567157745361,0,8.51839256286621,10.4349679946899,0,11.7682809829712,11.3272819519043,0,14.5678033828735,0,0,0,13.9943046569824,12.2374114990234,14.7814254760742,15.2973623275757,12.4107055664062,11.155707359314,15.0971069335938,14.0913171768188,10.9974222183228,14.0717782974243,14.1172752380371,13.3748140335083,14.8186092376709,10.9855298995972,12.4254093170166,13.59206199646,12.4094009399414,9.37509155273438,0,0,15.0170364379883,14.4812154769897,14.3196611404419,14.7837419509888,14.5824155807495,NA,10.5643177032471,9.55243968963623,0,5.17614984512329,3.98898410797119,0,0
11.7063598632812,10.3438053131104,8.0003490447998,6.9007306098938,0,7.64539766311646,8.20467185974121,12.6650629043579,2.19722461700439,1.94591009616852,3.09104251861572,0,2.4849066734314,3.55534815788269,3.465735912323,5.90536165237427,2.4849066734314,0,0,8.11162853240967,4.04305124282837,4.95582723617554,7.86557197570801,6.67959928512573,5.12989854812622,8.831711769104,3.58351898193359,7.16006898880005,5.96357917785645,8.14728832244873,5.3423342704773,10.1752309799194,8.15248584747314,4.18965482711792,6.62140560150146,5.18178367614746,7.37900829315186,0,4.75359010696411,7.48829364776611,5.7899603843689,2.94443893432617,9.19349956512451,3.33220458030701,6.34738922119141,7.69666719436646,2.7725887298584,6.40522861480713,13.1210107803345,15.2366065979004,4.89784002304077,4.40671920776367,11.4909563064575,2.4849066734314,11.1913967132568,10.1705713272095,9.58754348754883,9.39149475097656,10.324104309082,0,9.14131164550781,8.01069164276123,10.7310781478882,5.77455139160156,2.89037179946899,4.34380531311035,0,4.33073329925537,6.67329788208008,7.54221343994141,0,7.21670961380005,7.2004246711731,6.20657587051392,3.71357202529907,7.8567066192627,5.96870756149292,5.23644208908081,8.85280799865723,0,0,2.99573230743408,2.19722461700439,4.68213129043579,0,10.6402683258057,16.1417942047119,11.5576982498169,7.19668674468994,12.5094347000122,12.5267457962036,7.69165658950806,10.9654531478882,6.53669166564941,10.8399143218994,9.71806144714355,12.1676177978516,5.6383547782898,12.4008007049561,11.3864316940308,11.5794811248779,5.54126358032227,11.2240295410156,4.27666616439819,9.18132305145264,5.43807935714722,5.97888565063477,10.4155921936035,14.0840454101562,12.9776821136475,13.4619789123535,14.5220527648926,6.0935697555542,13.4806432723999,7.36833953857422,7.54591798782349,11.8673429489136,12.794436454773,14.1214790344238,13.028468132019,14.1387004852295,13.8851556777954,10.386962890625,0,11.1007833480835,12.8928775787354,11.0799551010132,13.668194770813,13.7569828033447,9.46358585357666,9.5493803024292,13.6943922042847,13.0598239898682,10.9579563140869,12.3502597808838,14.1617641448975,9.72549629211426,11.446026802063,5.9215784072876,10.0927848815918,11.6840257644653,12.780179977417,7.53529691696167,0,8.77647590637207,11.1339321136475,7.91132402420044,11.5749607086182,11.4832181930542,11.3268365859985,13.639536857605,NA,14.4563570022583,10.4025640487671,12.0392150878906,10.2032957077026,11.8340663909912,13.3944444656372
9.71432304382324,7.15929174423218,8.9386625289917,8.09925079345703,0,6.9546389579773,7.80220937728882,9.33185005187988,3.29583692550659,0,0,2.19722461700439,5.64897441864014,2.0794415473938,0,0,3.465735912323,0,0,0,0,0,5.92425584793091,0,2.94443893432617,7.22766256332397,0,0,7.33888816833496,0,2.7725887298584,9.75004482269287,5.23644208908081,7.5548586845398,6.25575017929077,0,7.38894605636597,1.94591009616852,2.0794415473938,3.21887588500977,0,0,7.39817428588867,2.4849066734314,0,2.30258512496948,4.47733688354492,4.99043273925781,11.9954624176025,14.0231323242188,8.1202917098999,0,6.95177221298218,0,8.43141746520996,8.79981231689453,5.11799383163452,7.2427978515625,11.558835029602,0,9.61580562591553,5.63121175765991,10.5738773345947,2.99573230743408,8.47365951538086,7.796058177948,6.67959928512573,0,6.85012626647949,9.00122261047363,0,0,9.37441349029541,8.53993225097656,6.43935060501099,9.75938606262207,6.44730567932129,7.60140228271484,9.03348350524902,0,6.46925020217896,6.06610822677612,0,8.75998210906982,0,6.1420373916626,14.2948970794678,8.59174346923828,7.85438108444214,11.7092733383179,7.7314920425415,9.21642208099365,8.66440582275391,6.7274317741394,9.49416542053223,7.78613662719727,10.5745677947998,6.8511848449707,9.85749626159668,10.2640943527222,8.79452228546143,0,7.68982887268066,3.04452252388,5.48893785476685,5.51745271682739,0,10.1088743209839,11.9505548477173,10.7445373535156,11.4860572814941,12.644588470459,0,11.9723920822144,5.36597585678101,9.51288604736328,10.2018127441406,11.6105241775513,11.606351852417,10.8029165267944,12.0753717422485,12.256142616272,3.13549423217773,2.94443893432617,7.86057090759277,12.2343492507935,9.9240255355835,12.1639890670776,12.3390550613403,10.4521865844727,9.92749691009521,12.1129808425903,10.9916286468506,9.33538627624512,11.2302570343018,13.4182367324829,8.25868129730225,8.24433422088623,7.36264514923096,8.19505786895752,9.68589115142822,9.9091215133667,7.60090255737305,0,7.14045286178589,9.68887042999268,7.69666719436646,8.39615440368652,0,7.85282802581787,12.1331901550293,14.3458271026611,NA,8.8651704788208,11.5378713607788,10.4306392669678,11.0789995193481,10.7819728851318
0,0,0,0,0,0,0,0,0,0,0,0,0,0,0,0,0,0,0,0,0,0,0,0,0,0,0,0,0,0,0,0,0,0,0,0,0,0,0,0,0,0,0,0,0,0,0,0,3.09104251861572,6.35784244537354,0,0,0,0,0,0,0,0,0,0,0,0,0,0,0,0,0,0,0,0,0,0,0,0,0,0,0,0,0,0,0,0,0,0,0,0,10.5634136199951,0,0,0,0,0,0,0,0,0,0,0,0,5.86363124847412,0,0,0,0,0,0,0,0,6.37502479553223,0,0,8.26126861572266,0,2.63905739784241,0,0,0,0,7.5908522605896,7.81802797317505,0,0,0,0,0,6.11589193344116,0,5.97380971908569,7.45876264572144,2.63905739784241,0,0,6.07073783874512,5.91620206832886,5.27299976348877,9.2570333480835,0,0,0,6.9546389579773,6.74288082122803,5.9889612197876,0,0,0,0,0,0,0,0,0,8.32336616516113,6.0935697555542,NA,7.5443320274353,0,0,0
2.99573230743408,0,0,0,0,0,0,0,0,0,0,0,0,0,0,0,0,0,0,0,0,0,0,0,0,3.29583692550659,0,0,0,0,0,0,0,0,1.60943794250488,0,0,0,0,3.29583692550659,2.4849066734314,0,0,2.89037179946899,0,0,0,0,9.42262554168701,10.347692489624,0,0,0,0,0,0,5.84932470321655,0,0,0,0,0,0,0,0,0,0,0,0,0,0,0,0,0,0,0,0,2.39789533615112,0,0,0,0,0,0,0,0,10.334002494812,0,0,0,0,0,0,0,0,0,3.49650764465332,0,1.94591009616852,0,0,0,0,0,0,0,0,0,7.6211953163147,3.71357202529907,1.94591009616852,8.67624568939209,0,10.0927848815918,1.94591009616852,0,2.0794415473938,6.02344751358032,6.41017484664917,4.30406522750854,8.07961845397949,6.92362880706787,3.52636051177979,0,0,5.41164588928223,0,6.36647033691406,6.03308629989624,0,3.25809645652771,5.97380971908569,5.94803476333618,0,0,11.6320323944092,0,0,0,1.7917594909668,3.43398714065552,4.09434461593628,0,0,2.94443893432617,0,0,0,0,0,3.21887588500977,11.4351587295532,11.130199432373,7.49331712722778,NA,9.94448566436768,9.34975433349609,6.72022008895874
0,0,0,0,0,0,0,0,0,0,0,0,0,0,0,0,0,0,0,0,0,0,0,0,0,0,0,0,0,0,0,0,0,0,0,0,0,0,0,0,0,0,0,0,0,0,0,0,0,9.00614166259766,0,0,0,0,0,0,0,0,0,0,0,0,0,0,0,0,0,0,0,0,0,0,0,0,0,0,0,0,0,0,0,0,0,0,0,0,7.60290050506592,0,0,0,0,0,0,0,0,0,0,0,0,0,0,0,0,0,0,0,0,0,3.7376697063446,0,0,0,0,0,0,0,0,0,0,2.39789533615112,1.60943794250488,0,0,0,0,0,0,3.71357202529907,5.73334121704102,0,0,3.36729574203491,4.8520302772522,0,0,4.77068471908569,0,0,0,0,0,0,0,0,0,0,0,0,0,0,0,7.9370174407959,9.06207275390625,0,7.46679925918579,NA,0,0
0,0,0,0,0,0,2.19722461700439,0,0,0,0,0,0,0,0,0,0,0,0,0,0,0,0,0,0,0,0,0,0,0,0,0,0,0,0,0,0,0,0,0,0,0,0,2.56494927406311,0,0,0,0,8.02027034759521,11.2885808944702,0,0,0,2.89037179946899,0,3.7376697063446,2.70805025100708,0,5.33271884918213,0,0,2.56494927406311,0,0,0,0,0,0,0,0,0,0,0,1.7917594909668,0,5.47227048873901,0,0,0,0,0,0,0,0,0,0,12.5291233062744,0,0,0,0,0,0,0,0,0,0,0,0,0,0,0,0,0,0,0,0,0,7.63723421096802,0,0,10.4474964141846,0,0,0,0,0,0,7.76641702651978,0,0,8.63799381256104,0,0,0,4.36944770812988,4.8751974105835,12.3274269104004,11.4854516983032,0,3.21887588500977,10.0259704589844,4.8751974105835,8.26230049133301,10.7531900405884,6.64639043807983,6.51619291305542,8.69131469726562,0,9.89242649078369,8.61667633056641,6.86901426315308,0,0,0,0,0,0,0,5.05624580383301,0,8.36962127685547,5.50938844680786,0,4.72738790512085,2.0794415473938,NA,0
0,0,0,0,0,0,0,2.0794415473938,0,0,0,0,0,0,0,0,0,0,0,0,0,0,0,0,0,0,0,0,0,0,0,0,0,0,0,0,0,0,0,0,0,0,0,0,0,0,0,0,5.39816284179688,10.2824373245239,0,0,0,0,0,0,5.19295692443848,0,4.11087369918823,0,0,0,0,0,0,0,0,0,0,0,0,0,0,0,0,0,0,0,0,0,0,0,0,0,0,0,13.1774311065674,4.38202667236328,0,0,0,0,4.52178859710693,0,4.09434461593628,0,0,0,5.6594820022583,0,0,0,0,0,0,0,0,0,8.77740097045898,8.14177227020264,8.0339822769165,11.8763942718506,0,7.62315320968628,0,0,6.4297194480896,10.3845853805542,9.28739356994629,6.47850942611694,7.73193073272705,6.13556480407715,7.68753862380981,0,0,8.52118492126465,4.38202667236328,9.30510520935059,12.7708206176758,0,5.5012583732605,6.95272874832153,9.22631168365479,3.178053855896,10.1032400131226,11.2095880508423,0,7.34858751296997,0,0,2.56494927406311,7.47022390365601,0,0,0,10.0683240890503,6.67708349227905,8.5000467300415,0,0,0,11.9355621337891,8.57281684875488,7.64156436920166,5.84643888473511,2.70805025100708,5.98645210266113,NA
